seq_name,A,R,N,D,C,E,Q,G,H,I,L,K,M,F,P,S,T,W,Y,V,druggable
Positive_0,5.055,6.148,5.464,6.421,1.23,6.557,3.689,6.831,1.913,5.191,6.557,5.191,2.732,4.372,4.508,6.284,6.148,2.049,3.962,9.699,1
Positive_1,11.694,2.21,3.683,3.499,1.197,3.959,3.223,10.773,1.473,6.446,10.958,5.709,3.223,3.315,4.88,5.801,6.538,0.368,3.223,7.827,1
Positive_2,8.333,5.556,3.704,2.778,0.926,5.556,7.407,5.556,2.778,0.0,10.185,8.333,2.778,3.704,10.185,11.111,5.556,0.0,2.778,2.778,1
Positive_3,7.789,4.421,3.579,4.211,2.737,1.684,3.158,7.789,3.579,5.895,11.579,3.789,1.684,6.737,4.421,4.421,5.263,4.211,6.105,6.947,1
Positive_4,7.343,4.212,3.456,4.968,1.404,6.695,3.132,8.423,3.24,7.019,10.907,6.048,3.348,2.484,5.184,6.263,4.968,0.648,3.888,6.371,1
Positive_5,5.51,5.714,3.469,5.102,2.653,8.98,3.878,5.714,2.041,3.469,9.592,7.143,2.041,5.714,4.694,7.347,5.51,0.816,4.286,6.327,1
Positive_6,5.634,5.915,3.099,6.197,1.69,6.197,4.507,6.197,3.099,5.07,10.423,7.887,1.408,3.662,4.225,6.479,4.789,1.408,5.352,6.761,1
Positive_7,4.717,9.434,0.943,4.717,3.774,9.434,4.717,8.491,3.774,8.491,5.66,10.377,2.83,3.774,6.604,0.943,4.717,1.887,3.774,0.943,1
Positive_8,8.065,8.871,3.226,4.839,4.839,6.452,4.032,11.29,4.032,4.032,6.452,4.839,1.613,4.032,3.226,2.419,6.452,0.0,3.226,8.065,1
Positive_9,5.119,3.072,5.119,3.413,2.389,6.143,2.73,4.096,5.461,7.167,10.58,5.802,2.048,8.874,4.778,3.754,5.119,3.754,6.826,3.754,1
Positive_10,5.774,3.412,4.462,3.937,2.1,5.512,2.362,7.087,2.625,9.449,10.499,7.874,2.1,2.625,4.199,8.661,6.037,2.1,1.575,7.612,1
Positive_11,7.918,4.399,5.279,3.812,2.346,5.279,4.692,4.985,2.346,5.279,14.663,5.572,2.053,5.572,3.812,7.625,6.452,0.88,2.639,4.399,1
Positive_12,8.815,8.435,2.888,6.459,0.912,8.359,3.951,7.979,1.824,5.547,9.119,4.939,2.28,2.736,4.787,4.103,4.939,0.76,2.888,8.283,1
Positive_13,8.712,8.712,3.409,6.061,0.758,7.197,3.03,4.545,1.894,3.409,9.47,4.545,0.758,6.061,6.818,4.924,4.545,1.894,3.409,9.848,1
Positive_14,6.957,0.87,3.478,2.609,0.87,4.348,2.609,2.609,0.0,7.826,24.348,2.609,6.957,6.957,6.957,5.217,6.087,3.478,2.609,2.609,1
Positive_15,8.596,2.292,4.011,4.011,3.152,7.163,4.585,10.315,2.292,7.163,8.883,7.163,2.579,4.298,4.298,3.725,4.298,0.573,1.433,9.169,1
Positive_16,6.494,10.39,1.948,5.195,1.299,5.844,2.597,6.494,3.247,3.896,4.545,9.091,4.545,5.844,4.545,4.545,5.844,1.948,1.948,9.74,1
Positive_17,9.907,3.738,5.047,3.925,1.495,5.047,3.925,8.224,1.682,5.794,8.037,6.355,3.551,3.925,5.607,6.542,5.981,1.121,2.056,8.037,1
Positive_18,8.995,9.524,1.587,3.704,0.0,7.407,1.058,6.878,3.175,6.878,9.524,5.291,2.116,5.291,6.349,4.233,4.233,1.587,5.291,6.878,1
Positive_19,10.124,4.618,2.842,5.151,1.421,5.329,3.908,7.993,2.309,4.796,8.348,6.394,1.421,4.973,6.217,7.282,4.796,1.776,3.02,7.282,1
Positive_20,8.721,9.884,2.907,6.977,2.907,8.14,10.465,1.163,1.163,5.233,3.488,7.558,4.651,1.744,5.233,2.326,2.907,1.163,7.558,5.814,1
Positive_21,8.257,4.325,2.228,4.98,1.704,6.029,4.194,8.912,1.18,6.029,9.83,9.305,2.49,4.063,4.325,6.291,4.98,0.131,2.359,8.388,1
Positive_22,9.184,1.02,6.122,1.02,3.061,2.041,1.02,4.082,3.061,7.143,23.469,0.0,10.204,3.061,2.041,8.163,5.102,0.0,4.082,6.122,1
Positive_23,14.189,10.473,1.351,5.743,2.365,6.757,2.027,10.473,2.027,1.351,13.851,1.014,1.351,3.716,5.743,4.73,4.054,0.676,1.689,6.419,1
Positive_24,9.184,4.082,2.041,4.082,0.0,8.163,2.041,10.204,8.163,2.041,6.122,11.224,3.061,7.143,3.061,4.082,2.041,4.082,4.082,5.102,1
Positive_25,8.458,7.463,4.478,8.955,2.985,4.975,3.98,6.468,0.995,1.99,9.453,5.473,2.488,4.975,2.488,5.97,4.478,2.985,3.98,6.965,1
Positive_26,13.41,4.215,4.598,3.831,1.533,4.215,4.981,11.877,0.766,5.364,9.962,4.215,2.299,3.448,4.981,4.598,4.981,0.0,1.149,9.579,1
Positive_27,8.046,9.195,4.598,6.897,2.299,1.149,2.299,6.897,1.149,5.747,12.644,8.046,3.448,3.448,8.046,5.747,1.149,2.299,4.598,2.299,1
Positive_28,5.628,5.051,3.896,4.906,1.876,7.792,3.03,7.504,2.453,7.792,8.658,6.926,1.876,4.185,5.483,5.916,6.205,0.433,1.876,8.514,1
Positive_29,8.609,5.464,3.808,4.967,1.821,5.464,3.808,8.113,2.815,5.96,10.43,5.464,2.483,4.139,5.795,3.974,5.464,0.828,3.808,6.788,1
Positive_30,13.383,4.833,2.974,5.576,0.372,4.089,3.717,10.409,1.859,7.435,10.037,3.346,3.717,2.602,4.833,5.948,4.833,1.487,2.23,6.32,1
Positive_31,8.387,3.226,3.871,2.258,2.581,5.806,2.903,6.129,1.935,8.065,13.548,7.097,2.258,4.516,2.581,6.452,6.129,1.29,3.871,7.097,1
Positive_32,4.598,1.724,2.299,1.724,0.575,5.747,0.0,16.667,0.0,6.897,10.92,1.149,5.747,4.598,2.299,5.747,2.299,2.874,6.322,17.816,1
Positive_33,8.85,5.942,2.528,3.793,1.264,6.068,6.574,6.827,4.425,3.287,12.642,3.413,2.149,4.804,5.815,7.459,2.908,1.77,3.034,6.448,1
Positive_34,5.233,6.977,1.744,6.395,4.651,9.302,4.07,4.651,3.488,2.907,8.721,9.302,1.163,4.651,8.14,3.488,4.651,2.326,2.907,5.233,1
Positive_35,0.0,6.25,1.562,3.125,0.0,8.594,3.906,4.688,4.688,5.469,7.812,10.938,4.688,4.688,10.156,3.906,3.906,3.125,4.688,7.812,1
Positive_36,9.554,2.866,3.185,5.096,0.318,6.369,2.229,6.369,2.548,5.096,8.28,9.873,2.866,5.414,3.503,7.643,7.643,0.318,1.911,8.917,1
Positive_37,6.902,4.714,4.882,5.051,2.189,6.566,4.04,7.407,2.357,5.556,9.091,7.071,3.03,5.051,3.872,6.229,5.892,1.515,3.199,5.387,1
Positive_38,10.115,4.994,3.969,5.378,1.408,6.146,6.274,7.17,3.457,4.225,12.036,3.329,3.841,1.665,4.481,5.378,6.146,0.896,2.177,6.914,1
Positive_39,5.955,6.452,4.715,2.73,1.737,7.692,6.7,4.715,2.978,3.474,10.67,7.94,0.993,3.226,7.444,8.189,4.218,0.993,2.978,6.203,1
Positive_40,12.698,3.704,3.175,4.762,1.587,7.937,2.116,9.524,1.587,5.291,9.524,8.466,2.646,1.587,4.762,4.762,4.233,0.0,1.587,10.053,1
Positive_41,5.627,6.65,4.348,6.905,0.512,5.627,3.069,5.627,4.092,5.371,8.44,5.882,3.836,3.325,6.138,6.394,3.325,1.279,5.882,7.673,1
Positive_42,7.285,5.629,2.649,8.278,1.325,7.285,3.311,6.623,2.649,4.305,9.272,5.629,2.98,5.298,4.305,5.298,6.291,1.656,5.298,4.636,1
Positive_43,4.484,4.036,4.036,4.036,0.897,6.278,4.036,6.726,1.794,6.278,11.211,5.381,0.897,4.933,5.83,8.52,4.036,2.691,5.381,8.52,1
Positive_44,6.475,6.025,5.306,4.946,2.878,7.374,3.777,6.565,2.698,3.867,11.96,3.777,1.439,4.137,6.655,9.712,3.597,2.068,2.248,4.496,1
Positive_45,10.55,3.211,4.587,6.881,1.376,7.798,3.211,2.294,5.046,6.422,9.633,7.798,1.835,4.128,3.67,8.257,4.128,0.917,3.67,4.587,1
Positive_46,7.47,6.265,3.133,5.301,1.928,7.952,5.542,6.024,3.133,6.265,10.12,2.892,2.651,4.337,7.229,5.783,4.819,1.205,2.169,5.783,1
Positive_47,6.612,5.874,3.896,4.044,1.682,6.995,2.981,8.087,2.007,6.375,9.268,6.287,3.778,2.981,4.28,5.756,8.028,2.656,2.066,6.346,1
Positive_48,4.384,5.479,2.192,6.575,1.096,7.123,3.836,7.123,1.918,5.753,7.671,5.205,2.466,5.205,10.411,9.315,4.384,2.466,3.288,4.11,1
Positive_49,4.255,1.064,12.234,1.596,1.064,10.638,3.191,4.255,1.596,9.043,9.043,12.234,1.596,4.787,0.532,4.787,5.851,1.596,6.915,3.723,1
Positive_50,10.811,6.419,3.716,5.743,0.338,4.392,2.703,6.081,1.689,4.392,13.176,2.703,4.73,4.392,7.432,5.743,4.392,2.703,2.365,6.081,1
Positive_51,8.834,7.42,3.534,5.654,0.0,6.714,5.654,4.947,4.947,5.654,8.834,3.18,0.707,4.594,7.42,4.594,6.007,2.12,3.18,6.007,1
Positive_52,4.255,2.432,10.334,5.775,1.52,6.079,2.432,6.687,1.52,7.599,8.815,6.991,2.736,5.167,3.04,5.471,6.991,0.912,4.559,6.687,1
Positive_53,5.314,4.831,4.348,4.831,2.899,2.899,1.449,12.56,2.415,3.382,8.213,7.729,1.932,5.314,5.314,10.628,5.314,0.966,1.449,8.213,1
Positive_54,3.954,2.89,9.202,6.692,0.76,5.323,3.27,4.791,1.065,10.19,8.669,8.137,1.901,4.259,4.03,7.529,5.551,0.989,6.008,4.791,1
Positive_55,9.93,5.575,3.31,8.537,0.697,4.704,2.265,8.885,1.916,4.53,8.711,1.568,1.916,3.659,5.923,6.794,6.446,2.265,2.962,9.408,1
Positive_56,7.52,6.445,4.59,6.25,1.562,6.055,5.664,6.934,3.32,3.809,9.375,1.953,2.344,3.711,6.055,5.859,5.469,3.809,3.027,6.25,1
Positive_57,4.669,1.946,6.615,4.28,0.778,6.226,2.724,8.949,2.724,5.837,11.673,10.117,1.167,1.946,1.946,6.226,8.171,1.556,1.946,10.506,1
Positive_58,11.075,4.886,5.537,7.818,0.651,7.166,2.932,5.212,0.326,4.56,10.749,9.446,1.954,2.932,3.909,4.56,7.492,1.303,1.954,5.537,1
Positive_59,14.047,6.02,1.672,9.365,1.338,4.013,6.02,7.692,2.341,5.017,13.043,4.348,2.341,2.676,4.013,5.351,4.013,0.0,2.007,4.682,1
Positive_60,9.929,3.31,5.201,4.965,0.473,9.456,2.364,8.747,1.182,8.511,6.856,7.565,1.655,3.546,4.019,4.492,5.437,1.418,3.546,7.329,1
Positive_61,7.44,5.06,5.357,5.952,1.19,5.06,4.167,9.524,1.786,8.929,10.714,6.25,2.083,3.274,5.655,3.571,4.762,0.0,2.976,6.25,1
Positive_62,12.701,5.367,4.114,5.903,0.358,4.472,5.725,7.692,1.968,5.009,9.302,3.399,3.041,3.22,5.188,5.903,3.399,1.073,2.326,9.839,1
Positive_63,10.798,6.103,1.878,5.634,0.939,8.451,3.286,9.39,2.347,7.042,10.329,5.634,1.878,5.634,2.817,4.225,4.225,0.0,3.756,5.634,1
Positive_64,12.195,6.992,3.252,4.553,1.138,6.992,7.317,5.203,2.764,6.179,11.382,3.577,1.138,2.114,7.48,4.715,3.902,1.138,1.789,6.179,1
Positive_65,10.863,6.07,4.153,7.348,0.319,4.313,3.834,8.147,1.917,5.272,6.709,2.875,1.597,2.396,7.188,6.39,7.348,0.479,2.077,10.703,1
Positive_66,7.174,7.609,1.522,4.783,2.826,7.609,7.826,7.826,1.522,3.913,8.261,5.217,2.174,3.913,7.826,8.913,3.696,0.87,1.522,5.0,1
Positive_67,7.721,4.412,1.103,8.456,0.0,8.456,6.985,8.824,1.471,4.412,9.926,8.824,2.206,3.676,3.309,5.515,5.882,1.103,2.941,4.779,1
Positive_68,11.538,4.121,3.846,3.846,2.198,6.593,4.67,8.242,2.473,5.495,9.341,7.143,1.099,2.198,5.22,5.495,6.044,0.824,3.571,6.044,1
Positive_69,9.028,3.935,4.63,6.019,2.315,6.25,3.009,8.565,2.546,7.407,8.796,6.713,3.704,2.546,3.704,3.241,5.556,1.389,3.472,7.176,1
Positive_70,4.45,4.974,3.927,6.021,3.141,6.283,4.712,8.508,2.356,4.974,7.592,6.937,1.571,2.749,5.366,7.33,5.628,1.702,4.319,7.461,1
Positive_71,6.607,3.254,3.55,6.114,1.381,7.396,3.353,7.002,1.874,4.734,8.876,12.426,2.465,2.959,4.339,8.383,4.142,1.282,3.156,6.706,1
Positive_72,15.821,5.97,2.985,6.866,1.194,3.881,2.985,10.746,1.194,5.97,6.866,2.09,2.985,3.582,5.075,5.373,6.567,0.896,1.791,7.164,1
Positive_73,6.434,5.385,4.965,5.944,2.448,6.084,3.986,6.084,3.357,5.175,11.748,5.594,2.028,3.566,4.545,7.413,4.615,0.979,2.657,6.993,1
Positive_74,4.348,1.449,5.797,6.522,2.174,13.768,1.449,10.145,0.0,10.87,5.797,7.246,3.623,3.623,2.174,5.797,3.623,2.174,2.174,7.246,1
Positive_75,10.01,3.622,3.718,4.48,0.191,4.766,4.576,8.484,1.049,6.864,9.724,4.099,4.004,5.148,4.29,5.91,6.387,0.858,2.574,9.247,1
Positive_76,9.569,2.871,4.785,3.828,1.435,7.656,3.828,4.306,1.914,6.699,11.483,8.612,2.871,4.785,5.263,2.871,5.263,1.435,4.785,5.742,1
Positive_77,12.206,4.497,5.567,4.069,1.499,7.066,3.854,7.281,3.212,4.711,11.135,5.139,3.854,2.355,4.069,5.996,5.353,1.071,0.857,6.21,1
Positive_78,7.732,7.216,3.351,6.443,0.0,8.505,3.351,9.794,2.062,6.443,6.959,6.186,3.093,2.062,3.866,4.381,5.67,0.773,2.835,9.278,1
Positive_79,11.283,7.419,3.4,6.028,0.309,3.4,4.791,10.355,1.546,4.173,6.646,1.236,0.927,2.628,7.419,7.883,8.81,1.546,3.4,6.801,1
Positive_80,4.091,5.909,4.091,6.818,0.455,8.182,1.364,5.455,1.364,5.909,10.455,8.636,1.364,6.364,5.455,4.545,6.364,0.909,3.636,8.636,1
Positive_81,3.125,2.344,4.688,3.906,0.0,8.594,5.469,10.156,2.344,4.688,3.906,9.375,4.688,6.25,0.781,7.031,9.375,0.781,3.125,9.375,1
Positive_82,10.18,5.389,4.192,5.09,0.299,5.09,3.293,7.186,2.096,3.593,10.778,6.287,2.096,4.79,8.383,4.79,4.491,2.395,3.892,5.689,1
Positive_83,8.117,5.524,4.284,5.862,0.676,8.005,4.622,8.906,2.593,6.426,7.892,5.411,2.48,3.833,4.059,4.848,4.735,1.24,4.735,5.75,1
Positive_84,8.039,1.608,5.788,4.18,0.965,7.717,3.537,8.682,1.608,8.039,10.289,7.074,2.894,6.431,5.466,5.145,5.145,0.0,3.537,3.859,1
Positive_85,6.704,4.63,4.077,4.285,1.382,7.464,6.565,7.395,1.866,7.049,7.602,8.708,2.073,2.419,5.46,4.354,6.22,2.557,2.695,6.496,1
Positive_86,16.197,7.394,2.113,7.394,0.352,3.873,2.465,10.563,2.113,3.873,9.507,1.761,1.761,1.056,5.634,4.577,3.521,1.761,1.056,13.028,1
Positive_87,14.433,8.935,1.375,6.873,1.031,4.811,1.718,9.622,2.405,3.093,8.935,1.375,2.405,2.749,3.78,4.124,8.247,1.375,1.031,11.684,1
Positive_88,4.684,5.703,6.517,5.703,2.444,6.11,5.295,8.554,1.833,3.259,7.332,7.332,3.666,2.444,4.684,6.925,4.684,2.851,4.277,5.703,1
Positive_89,7.508,3.904,5.706,4.505,2.402,8.709,3.904,9.61,2.102,2.703,5.405,6.306,4.505,4.805,3.604,6.907,4.204,2.703,4.805,5.706,1
Positive_90,9.011,4.842,2.152,4.169,1.278,5.313,4.035,27.303,0.538,2.286,3.766,4.506,1.076,1.681,18.157,3.228,2.959,0.471,0.672,2.555,1
Positive_91,5.941,3.3,4.62,7.591,4.95,11.221,3.3,4.62,3.96,3.96,9.571,6.601,1.65,4.62,5.941,2.31,5.611,1.32,2.31,6.601,1
Positive_92,8.232,5.327,6.053,4.6,0.969,6.538,3.632,6.538,2.179,4.6,8.959,5.085,1.453,5.569,5.811,6.538,5.327,2.179,2.906,7.506,1
Positive_93,10.714,7.937,3.373,5.754,1.587,5.556,4.167,7.341,2.579,4.167,11.111,4.365,2.183,4.167,4.762,5.952,4.762,0.794,3.175,5.556,1
Positive_94,7.746,6.127,4.855,6.243,1.503,7.052,3.237,5.665,2.775,5.665,9.595,6.474,2.428,4.855,4.624,4.162,4.162,1.387,3.815,7.63,1
Positive_95,6.6,2.8,4.4,4.8,0.8,4.8,5.0,2.8,2.0,3.6,12.8,5.8,2.8,4.8,6.4,10.2,11.0,0.6,1.4,6.6,1
Positive_96,9.646,3.15,2.953,8.465,1.378,11.024,2.559,5.709,2.165,4.528,9.055,9.252,0.984,6.496,4.134,4.528,4.528,0.984,2.362,6.102,1
Positive_97,7.025,6.612,3.306,5.785,1.653,8.264,2.893,8.678,2.066,1.653,11.157,8.678,1.653,5.785,2.479,7.025,2.893,0.826,2.066,9.504,1
Positive_98,2.273,11.364,0.0,0.0,2.273,6.818,2.273,18.182,2.273,2.273,13.636,0.0,2.273,0.0,9.091,6.818,9.091,9.091,0.0,2.273,1
Positive_99,2.5,5.0,6.875,16.875,3.125,8.125,1.875,4.375,1.875,2.5,6.875,7.5,3.75,5.625,3.125,9.375,1.875,3.125,1.25,4.375,1
Positive_100,9.479,10.9,4.265,8.531,3.791,4.265,2.844,5.687,1.896,3.791,9.953,6.161,1.896,3.318,5.687,6.161,3.318,0.474,2.37,5.213,1
Positive_101,7.24,9.955,2.262,7.24,0.905,7.692,1.357,4.977,2.262,5.882,8.597,4.977,2.715,4.525,3.62,5.43,4.977,0.0,5.882,9.502,1
Positive_102,13.623,5.217,4.058,4.638,1.159,5.217,6.667,7.826,2.609,5.217,11.594,3.478,2.029,4.058,5.217,5.797,4.638,0.0,1.739,5.217,1
Positive_103,8.532,4.778,2.389,5.802,0.341,6.143,6.143,9.556,1.706,5.802,13.652,4.437,1.365,2.73,5.119,5.461,4.437,1.024,5.802,4.778,1
Positive_104,3.754,8.191,3.072,7.167,0.0,8.191,1.706,8.532,1.365,6.143,8.191,8.191,2.389,6.826,3.072,5.119,2.389,0.0,4.096,11.604,1
Positive_105,8.159,4.393,5.23,7.741,0.628,6.067,2.51,7.113,2.929,5.858,7.741,4.812,2.092,5.649,6.695,6.695,5.021,1.046,5.021,4.603,1
Positive_106,8.159,4.393,5.23,7.741,0.628,6.067,2.51,7.113,2.929,5.858,7.741,4.812,2.092,5.649,6.695,6.695,5.021,1.046,5.021,4.603,1
Positive_107,7.37,3.812,6.861,5.718,1.779,7.243,3.939,6.734,1.652,7.751,7.37,8.259,1.525,4.828,3.939,7.116,4.066,0.762,3.685,5.591,1
Positive_108,12.155,9.392,0.552,7.735,1.105,3.315,3.867,8.84,4.972,4.42,9.392,0.0,2.762,1.657,3.315,4.972,7.182,3.867,2.21,8.287,1
Positive_109,11.94,3.483,2.985,6.468,0.0,5.473,3.483,6.965,1.493,7.463,9.453,5.473,1.493,3.98,4.975,7.463,5.473,0.498,3.483,7.96,1
Positive_110,15.686,8.333,1.471,6.863,0.98,4.412,3.922,9.069,1.471,3.431,11.275,1.961,1.225,2.206,5.392,3.922,5.882,0.98,1.961,9.559,1
Positive_111,9.447,4.456,5.704,4.991,0.891,5.169,2.674,8.734,1.961,4.991,6.595,3.565,2.139,3.743,8.556,4.278,8.913,3.387,3.03,6.774,1
Positive_112,6.131,1.903,6.554,7.822,0.0,4.228,5.074,7.4,1.903,4.863,6.765,9.302,2.114,5.074,2.537,8.245,8.457,1.057,5.285,5.285,1
Positive_113,6.4,4.0,4.8,5.067,1.333,10.133,1.6,8.0,2.133,4.533,12.0,8.8,1.6,5.867,4.533,4.533,3.2,0.8,5.067,5.6,1
Positive_114,10.833,3.056,3.889,5.278,0.278,4.167,3.333,10.0,4.167,3.333,8.611,6.111,3.333,3.333,7.222,2.5,8.611,1.667,3.056,7.222,1
Positive_115,13.987,7.516,2.505,7.933,0.418,4.593,2.505,8.977,3.758,2.296,9.395,1.67,0.835,3.132,6.889,4.593,6.263,2.923,3.967,5.846,1
Positive_116,8.491,5.818,5.818,7.39,0.943,4.088,5.66,6.761,2.987,5.189,10.22,2.673,2.516,5.031,4.717,5.189,4.56,2.358,4.403,5.189,1
Positive_117,4.412,1.471,2.941,5.882,4.412,7.353,0.0,8.824,2.941,2.941,11.765,11.765,4.412,1.471,2.941,7.353,7.353,0.0,2.941,8.824,1
Positive_118,8.517,4.101,5.994,4.732,1.262,5.994,6.94,5.994,0.0,6.625,9.464,4.101,3.155,5.363,6.625,3.785,7.256,1.577,2.208,6.309,1
Positive_119,10.693,5.149,6.535,7.327,0.0,4.158,4.752,10.099,1.584,3.366,7.921,4.95,2.376,4.752,1.98,8.119,6.337,2.178,3.96,3.762,1
Positive_120,5.164,6.455,7.277,3.521,2.465,5.634,4.343,6.808,1.408,7.394,9.859,5.282,2.7,3.286,3.521,5.399,7.042,3.286,2.582,6.573,1
Positive_121,8.84,3.867,2.762,4.972,0.0,6.63,6.63,6.077,4.42,6.63,9.945,4.42,3.315,6.63,3.867,8.287,4.972,1.105,2.21,4.42,1
Positive_122,9.126,4.627,4.82,5.141,1.285,6.555,4.306,9.447,2.314,5.334,10.476,4.627,2.442,2.828,4.82,5.463,4.884,1.028,3.213,7.262,1
Positive_123,5.507,2.899,4.058,4.058,6.667,5.797,1.159,6.667,1.739,4.638,5.797,8.696,1.449,5.797,9.275,6.667,7.826,1.449,4.058,5.797,1
Positive_124,7.906,6.838,2.991,4.274,2.564,4.701,4.274,5.556,2.35,1.923,9.615,3.205,1.496,3.632,9.615,10.897,6.197,2.564,1.923,7.479,1
Positive_125,3.469,5.51,6.122,5.102,2.857,5.306,3.061,5.51,2.449,6.531,9.796,6.735,2.449,6.939,5.918,5.714,6.327,0.612,2.245,7.347,1
Positive_126,15.108,2.158,5.755,5.036,1.439,2.158,3.597,9.353,1.439,3.597,9.353,10.072,2.878,3.597,2.158,4.317,7.914,0.719,2.158,7.194,1
Positive_127,10.989,0.0,1.099,4.396,7.692,6.593,1.099,12.088,6.593,3.297,4.396,20.879,3.297,4.396,4.396,2.198,1.099,0.0,0.0,5.495,1
Positive_128,9.509,3.374,5.521,4.908,1.227,8.896,2.454,7.975,1.534,3.374,7.669,3.988,2.761,4.908,8.282,6.135,6.442,0.92,2.761,7.362,1
Positive_129,4.306,3.828,10.526,3.828,0.478,2.871,4.306,11.483,1.914,6.22,4.306,4.306,2.392,3.349,3.349,8.134,8.134,3.349,6.22,6.699,1
Positive_130,18.898,3.937,1.575,7.874,1.575,3.15,6.299,7.087,1.575,2.362,6.299,10.236,1.575,4.724,4.724,5.512,3.15,1.575,2.362,5.512,1
Positive_131,4.49,4.898,7.347,4.49,3.673,6.122,1.224,6.122,3.265,8.163,4.49,15.102,1.224,4.898,2.449,9.388,4.082,2.041,3.265,3.265,1
Positive_132,13.72,6.707,1.524,5.488,1.524,4.573,5.183,8.232,3.963,3.659,9.146,2.134,2.744,3.354,5.488,7.012,5.183,3.659,1.22,5.488,1
Positive_133,11.79,10.917,1.747,2.62,0.0,9.17,2.183,8.734,2.62,3.93,9.607,3.057,1.31,6.987,7.424,6.55,2.62,0.437,2.62,5.677,1
Positive_134,9.524,7.769,3.258,7.519,0.0,6.015,4.511,6.767,3.008,3.509,8.271,2.757,2.506,5.764,5.514,3.008,6.767,1.253,6.266,6.015,1
Positive_135,13.973,3.03,2.694,6.397,1.347,6.902,2.189,11.279,2.02,6.902,6.397,6.734,2.357,2.02,5.387,3.03,4.545,0.505,2.189,10.101,1
Positive_136,12.861,5.774,2.887,2.887,0.262,10.236,4.199,8.399,2.1,7.349,8.924,5.512,2.625,3.412,4.462,2.362,3.937,1.05,3.675,7.087,1
Positive_137,17.76,7.65,0.273,5.738,1.913,6.011,3.005,10.383,3.552,1.639,10.109,1.913,2.459,1.366,3.279,6.011,4.645,1.639,1.093,9.563,1
Positive_138,4.986,4.155,6.094,6.371,0.831,5.263,4.432,7.756,3.324,6.648,12.742,5.54,2.493,3.047,2.216,5.817,6.371,1.662,4.155,6.094,1
Positive_139,2.762,1.657,15.47,5.525,2.21,4.42,1.657,2.762,2.21,11.05,11.602,7.182,2.762,4.972,4.42,4.972,3.867,0.552,3.867,6.077,1
Positive_140,13.5,3.0,5.0,4.5,0.0,8.0,7.5,5.0,1.0,5.0,9.5,6.0,2.0,6.5,4.0,6.0,3.0,2.0,3.0,5.5,1
Positive_141,8.597,5.882,3.846,5.656,0.0,7.692,3.846,7.692,3.62,6.787,7.014,4.751,1.131,7.014,4.751,7.24,6.109,1.131,2.262,4.977,1
Positive_142,7.19,8.17,1.961,3.268,0.654,11.438,1.961,7.19,1.307,5.556,8.824,9.477,2.288,6.209,2.941,5.556,3.922,1.634,2.288,8.17,1
Positive_143,5.385,3.077,3.846,6.154,0.0,4.615,6.923,5.385,2.308,3.846,6.154,8.462,2.308,6.923,3.077,7.692,8.462,0.769,2.308,12.308,1
Positive_144,11.675,6.091,3.046,4.569,0.508,5.584,3.046,7.107,3.553,4.061,10.152,3.046,5.584,2.538,6.599,5.076,5.584,1.015,2.03,9.137,1
Positive_145,9.415,6.87,3.053,6.87,1.272,4.326,4.326,8.142,2.545,3.817,13.232,4.835,2.799,2.545,3.817,6.107,4.58,1.781,2.545,7.125,1
Positive_146,10.345,3.448,6.322,3.448,0.0,7.471,2.874,7.471,2.299,5.747,11.494,6.897,3.448,2.874,4.023,5.747,3.448,0.0,2.874,9.77,1
Positive_147,14.458,9.639,1.807,3.313,0.602,9.94,1.506,10.241,1.506,3.012,16.265,3.313,1.506,2.711,4.819,1.506,3.916,0.904,1.506,7.53,1
Positive_148,8.493,5.89,3.288,6.301,1.644,7.26,3.425,8.904,3.288,6.301,6.438,5.616,2.329,2.603,5.342,4.932,5.479,2.192,4.247,6.027,1
Positive_149,9.453,2.736,2.736,4.975,1.741,6.219,3.98,6.965,3.731,6.219,7.214,6.716,3.234,4.229,4.478,5.473,6.716,1.99,3.98,7.214,1
Positive_150,10.875,7.692,3.448,6.366,0.796,6.897,4.244,10.61,1.857,3.979,8.488,1.326,1.326,5.04,7.427,3.714,5.57,1.061,3.714,5.57,1
Positive_151,8.559,9.91,3.604,4.054,0.45,7.207,6.306,7.658,2.252,3.153,11.261,2.252,2.252,1.802,6.757,8.108,4.054,2.703,2.252,5.405,1
Positive_152,6.278,4.26,3.587,6.054,1.794,8.744,4.709,4.933,2.018,8.969,12.108,9.417,1.794,3.139,3.363,6.278,4.036,0.224,2.466,5.83,1
Positive_153,6.274,5.894,3.422,5.038,1.331,7.985,5.133,5.703,2.567,5.513,9.506,5.989,3.232,2.852,6.559,7.7,4.848,1.331,3.612,5.513,1
Positive_154,7.372,6.09,4.006,5.609,2.244,7.692,4.006,7.372,3.205,3.365,9.455,6.25,3.205,3.526,5.288,2.885,5.288,1.763,3.526,7.853,1
Positive_155,5.263,5.263,3.289,5.263,1.974,8.553,3.289,9.868,2.632,6.579,7.237,6.579,3.289,5.263,3.947,4.605,3.289,1.974,2.632,9.211,1
Positive_156,5.43,9.502,1.81,3.167,4.977,7.24,4.525,6.335,2.262,0.905,9.05,2.715,4.072,3.62,11.312,9.05,2.262,1.81,1.357,8.597,1
Positive_157,7.949,10.513,1.795,3.59,2.051,7.179,5.641,7.949,1.795,2.564,10.256,6.154,1.026,4.359,9.744,7.436,2.821,1.026,1.795,4.359,1
Positive_158,12.95,4.676,3.597,7.194,0.0,5.755,2.158,8.273,2.518,3.957,8.993,2.158,0.719,6.475,4.676,5.396,7.914,1.439,4.676,6.475,1
Positive_159,6.494,7.792,3.03,5.628,1.299,6.494,4.329,4.329,2.165,5.195,11.688,8.225,3.03,4.762,2.597,5.628,5.628,0.433,3.896,7.359,1
Positive_160,6.111,6.111,6.111,7.222,1.667,8.333,2.778,6.667,1.111,5.556,10.556,5.0,3.889,5.0,2.778,6.111,5.0,0.556,2.222,7.222,1
Positive_161,4.861,5.903,3.125,6.25,0.347,10.069,0.694,6.597,1.042,6.597,9.028,9.375,2.083,3.125,4.514,6.25,3.819,0.694,4.167,11.458,1
Positive_162,14.783,1.739,1.739,3.478,0.0,6.957,1.739,8.696,3.478,4.348,8.696,5.217,1.739,2.609,6.087,7.826,11.304,1.739,1.739,6.087,1
Positive_163,10.263,6.316,1.579,4.474,2.105,5.0,8.684,6.316,3.684,2.368,10.263,2.105,1.053,3.947,8.158,7.105,5.263,1.842,3.421,6.053,1
Positive_164,7.121,5.882,2.167,9.288,0.929,6.811,3.406,6.811,2.167,7.43,10.836,8.05,1.858,3.406,1.858,7.43,6.192,0.619,3.715,4.025,1
Positive_165,5.851,4.521,4.521,6.649,1.33,8.511,6.117,3.457,2.128,7.447,9.84,4.255,2.394,4.521,3.457,6.915,5.319,1.862,4.255,6.649,1
Positive_166,8.969,3.812,6.951,7.399,0.448,4.709,4.933,10.987,1.345,4.484,4.933,4.484,3.587,4.484,2.018,6.278,5.605,4.26,4.933,5.381,1
Positive_167,9.137,3.452,6.497,5.381,0.406,3.756,5.178,7.513,1.015,4.67,8.223,3.553,1.929,4.264,4.365,8.934,9.34,1.421,3.35,7.614,1
Positive_168,8.349,5.123,7.4,4.554,0.569,4.554,4.364,10.626,1.139,6.262,5.313,3.036,1.708,2.657,4.554,8.349,10.626,0.949,3.416,6.452,1
Positive_169,18.132,4.945,2.198,3.846,0.549,5.495,1.648,7.692,2.198,5.495,12.088,2.198,3.297,0.0,7.143,8.242,6.044,1.648,1.099,6.044,1
Positive_170,4.681,6.809,6.383,6.383,0.0,5.106,2.128,7.66,1.702,4.255,11.489,11.915,2.979,1.277,4.255,5.957,3.83,2.128,2.553,8.511,1
Positive_171,7.128,4.752,7.748,6.715,0.723,5.062,4.132,6.612,1.55,3.616,7.748,4.029,2.996,4.649,6.095,6.612,6.921,1.343,5.888,5.682,1
Positive_172,2.778,5.093,5.324,6.019,1.157,9.722,1.157,7.639,2.546,4.861,8.102,6.944,2.083,5.787,3.935,6.481,5.324,2.546,3.935,8.565,1
Positive_173,7.512,7.512,2.347,4.225,0.469,10.798,2.817,3.756,2.347,4.695,12.207,3.286,4.225,4.695,6.103,6.573,4.695,0.939,3.756,7.042,1
Positive_174,5.693,5.941,5.198,5.693,1.733,6.683,5.198,4.95,1.733,4.455,5.941,7.921,2.228,3.96,6.436,9.653,4.95,0.99,2.97,7.673,1
Positive_175,13.314,2.071,5.03,4.734,0.0,3.846,5.325,8.284,1.479,3.846,10.059,7.692,2.071,3.55,4.438,7.692,4.142,1.775,2.959,7.692,1
Positive_176,9.524,3.741,2.381,6.122,0.34,9.864,1.701,8.163,1.701,7.143,11.224,9.864,1.361,4.422,3.401,2.041,6.803,0.34,0.34,9.524,1
Positive_177,6.338,10.563,3.521,7.746,0.0,12.676,1.408,2.817,1.408,9.155,11.268,9.155,2.113,4.225,2.113,3.521,3.521,0.704,3.521,4.225,1
Positive_178,11.881,7.426,0.495,4.455,1.485,4.455,8.416,7.426,2.475,1.98,11.881,2.475,0.99,5.446,4.95,5.446,5.941,0.99,2.97,8.416,1
Positive_179,7.385,4.923,4.923,7.692,0.308,8.0,1.846,4.923,1.231,4.308,11.077,5.231,2.462,4.615,3.077,7.077,6.462,2.462,5.538,6.462,1
Positive_180,10.502,2.74,5.479,5.479,0.913,6.849,3.653,9.589,0.457,8.219,7.763,7.306,2.283,2.74,3.196,5.479,3.653,0.0,1.37,12.329,1
Positive_181,2.661,2.232,5.665,4.549,3.348,5.665,3.605,3.948,2.575,6.781,8.927,6.695,2.06,4.807,5.923,10.987,6.009,2.318,3.863,7.382,1
Positive_182,6.077,4.788,3.683,4.972,2.394,9.024,4.052,5.525,2.026,4.788,9.392,7.182,1.289,3.867,4.788,10.129,5.525,1.105,3.315,6.077,1
Positive_183,4.202,5.252,4.832,6.303,2.101,6.513,3.782,5.672,2.101,5.672,10.294,8.613,2.311,3.782,5.672,7.353,4.202,2.101,2.941,6.303,1
Positive_184,8.182,4.805,4.026,6.494,2.338,11.948,4.675,4.935,3.247,3.117,7.273,5.325,3.117,2.727,4.545,4.545,6.494,1.169,2.597,8.442,1
Positive_185,3.721,6.047,6.047,5.581,2.791,7.442,3.256,6.512,2.326,3.256,9.302,5.581,3.721,4.651,6.047,6.512,4.651,0.93,2.326,9.302,1
Positive_186,7.516,5.846,3.132,4.036,1.322,6.402,3.758,6.193,2.575,6.82,11.621,5.776,2.992,4.384,3.41,8.212,5.637,1.183,2.296,6.889,1
Positive_187,6.667,6.667,3.333,3.333,6.667,1.667,3.333,5.0,10.0,1.667,6.667,13.333,3.333,0.0,8.333,6.667,5.0,0.0,3.333,5.0,1
Positive_188,8.915,7.752,4.005,5.039,0.258,4.91,5.685,8.915,1.034,2.455,11.37,3.488,2.196,3.618,5.556,6.848,4.78,1.809,3.23,8.14,1
Positive_189,9.754,5.868,4.203,4.362,2.696,5.948,4.282,7.613,2.538,4.837,10.23,4.203,2.855,4.52,3.807,6.899,3.965,0.872,2.855,7.692,1
Positive_190,5.941,2.97,4.95,9.901,1.98,5.941,2.97,5.941,2.97,5.941,6.931,11.881,4.95,5.941,2.97,8.911,4.95,0.0,2.97,0.99,1
Positive_191,9.459,6.486,3.243,5.946,1.081,6.486,2.973,7.297,1.081,5.405,10.811,6.486,2.703,2.703,4.054,5.946,4.324,1.622,2.703,9.189,1
Positive_192,7.74,4.334,5.263,7.121,0.619,7.585,4.025,8.204,1.084,6.811,6.811,8.359,2.012,3.715,3.87,5.418,7.276,0.31,2.322,7.121,1
Positive_193,5.042,5.042,4.202,5.882,1.681,7.563,2.521,3.361,3.361,4.202,10.924,6.723,1.681,4.202,4.202,10.924,4.202,1.681,5.042,7.563,1
Positive_194,8.501,7.606,2.013,3.803,2.685,8.277,6.488,4.922,3.356,4.474,10.515,4.698,2.908,4.027,7.159,8.277,2.908,0.895,1.566,4.922,1
Positive_195,8.394,2.19,6.569,6.752,0.0,4.015,4.745,9.489,2.007,4.562,7.299,6.569,1.095,4.197,3.102,6.752,7.299,0.912,6.569,7.482,1
Positive_196,5.322,4.708,2.559,5.527,1.535,6.858,4.401,5.937,3.378,4.504,10.952,5.732,2.047,3.992,6.755,8.393,6.448,1.126,3.378,6.448,1
Positive_197,11.888,3.846,2.797,5.245,1.748,7.343,4.545,9.79,1.748,5.594,6.643,6.993,1.399,3.497,3.846,5.245,5.245,2.098,1.748,8.741,1
Positive_198,6.651,7.11,4.587,5.275,0.917,5.046,3.67,6.651,2.523,4.817,9.862,4.587,2.982,4.587,6.193,8.716,3.67,0.688,5.046,6.422,1
Positive_199,5.882,3.782,3.782,3.361,3.361,7.773,3.361,6.092,3.361,5.672,9.244,7.773,2.311,3.361,5.672,9.664,5.042,1.05,3.361,6.092,1
Positive_200,10.358,5.371,3.581,5.882,0.895,6.522,5.243,9.079,1.79,2.941,8.184,5.754,1.662,3.964,5.371,5.882,5.243,1.918,2.813,7.545,1
Positive_201,3.788,5.303,5.303,3.788,1.515,6.818,3.03,7.576,0.0,6.818,7.576,13.636,3.03,3.788,0.758,6.061,10.606,1.515,1.515,7.576,1
Positive_202,7.831,2.41,1.807,7.229,2.41,9.036,1.205,5.422,0.602,5.422,8.434,15.06,2.41,3.012,3.614,7.229,4.217,0.602,3.614,8.434,1
Positive_203,5.98,5.476,4.827,6.484,1.441,11.239,6.556,3.314,1.945,4.755,10.735,10.375,2.954,2.666,3.53,6.124,4.179,0.793,2.378,4.251,1
Positive_204,6.406,4.004,4.304,4.605,1.702,6.406,3.504,6.507,2.603,6.707,9.91,4.404,2.503,3.403,7.007,9.209,5.105,1.602,2.803,7.307,1
Positive_205,7.226,5.128,3.147,6.061,1.981,7.226,3.38,7.692,1.865,6.294,8.508,7.576,3.263,4.079,5.361,5.128,4.779,0.816,2.448,8.042,1
Positive_206,15.344,9.524,1.058,6.878,0.0,6.349,1.587,5.82,2.646,6.349,9.524,0.529,2.646,1.587,6.878,5.82,5.82,1.058,3.704,6.878,1
Positive_207,8.526,4.019,5.603,4.629,0.0,5.481,4.75,8.648,1.218,5.359,8.526,6.456,2.436,2.558,3.41,9.988,7.065,0.974,4.629,5.725,1
Positive_208,6.304,3.478,4.783,6.957,1.739,7.174,4.348,5.217,2.174,5.652,9.783,7.391,3.043,4.13,5.0,6.957,6.304,0.652,2.609,6.304,1
Positive_209,8.923,4.923,3.692,5.231,1.846,6.769,4.0,5.538,2.769,4.615,11.385,6.154,1.538,2.462,7.692,4.923,3.692,2.154,4.308,7.385,1
Positive_210,6.884,6.975,3.08,4.529,1.63,9.239,3.623,6.884,1.902,3.804,10.326,4.801,1.54,3.08,9.601,9.873,5.072,1.721,1.178,4.257,1
Positive_211,4.521,2.66,3.989,2.128,1.862,0.798,2.926,5.851,2.926,11.702,14.628,1.862,2.128,9.043,5.319,6.649,4.521,2.66,6.915,6.915,1
Positive_212,10.247,8.127,1.767,8.127,0.707,4.24,3.534,8.481,2.12,2.827,12.014,1.767,1.06,3.534,6.36,3.18,8.834,1.413,3.18,8.481,1
Positive_213,3.75,7.5,7.5,5.0,1.25,3.75,6.25,8.75,0.0,6.25,10.0,7.5,3.75,2.5,2.5,5.0,3.75,0.0,6.25,8.75,1
Positive_214,9.832,2.638,5.516,5.516,1.679,6.475,1.439,9.592,1.199,4.556,9.113,10.072,3.357,3.837,4.077,5.755,4.077,0.959,0.959,9.353,1
Positive_215,5.479,5.479,8.415,6.654,2.153,3.718,2.74,9.98,2.348,5.479,5.479,4.501,2.153,5.871,4.501,6.262,4.305,3.523,3.914,7.045,1
Positive_216,8.584,4.506,4.292,4.292,0.858,5.15,3.648,7.725,3.219,3.648,12.661,5.579,3.219,3.004,4.721,7.082,5.579,1.931,3.863,6.438,1
Positive_217,7.522,5.531,3.319,7.08,1.77,4.646,3.982,7.743,2.876,6.416,6.858,7.965,2.655,4.425,4.204,4.867,6.858,1.991,3.097,6.195,1
Positive_218,8.442,3.68,3.463,5.628,1.299,5.844,2.165,9.524,2.165,6.494,5.628,10.173,2.597,3.03,5.411,4.978,6.277,1.082,2.597,9.524,1
Positive_219,6.863,3.268,4.248,4.575,2.614,5.556,5.882,7.516,2.614,5.556,11.111,5.556,3.268,4.575,5.882,6.536,2.941,1.961,2.941,6.536,1
Positive_220,8.85,5.973,2.655,4.204,1.327,8.407,1.991,9.071,3.319,5.088,11.947,6.637,2.655,2.434,5.31,2.655,6.637,0.442,2.212,8.186,1
Positive_221,6.883,5.163,3.059,4.971,3.633,7.266,7.457,5.163,2.677,6.119,7.648,6.119,2.294,4.589,4.971,9.178,4.971,0.574,3.059,4.207,1
Positive_222,6.919,5.782,4.645,5.308,2.844,5.877,4.455,7.393,1.517,6.161,6.54,4.645,3.412,3.791,4.834,7.583,6.445,1.327,3.697,6.825,1
Positive_223,7.663,6.897,2.682,8.812,2.299,5.364,3.831,4.981,3.065,3.831,10.728,4.598,1.149,4.981,6.513,8.046,1.916,0.766,2.299,9.579,1
