seq_name,APAAC1,APAAC2,APAAC3,APAAC4,APAAC5,APAAC6,APAAC7,APAAC8,APAAC9,APAAC10,APAAC11,APAAC12,APAAC13,APAAC14,APAAC15,APAAC16,APAAC17,APAAC18,APAAC19,APAAC20,APAAC21,APAAC22,APAAC23,APAAC24,APAAC25,APAAC26,APAAC27,APAAC28,APAAC29,APAAC30,APAAC31,APAAC32,druggable
Positive_0,5.352,6.509,5.785,6.798,1.302,6.942,3.906,7.232,2.025,5.496,6.942,5.496,2.893,4.629,4.773,6.653,6.509,2.169,4.195,10.269,-1.482,1.271,0.9,1.641,-4.182,-2.17,0.688,-0.212,-2.17,-1.588,0.847,0.582,1
Positive_1,10.226,1.933,3.221,3.06,1.047,3.462,2.819,9.421,1.288,5.637,9.583,4.993,2.819,2.899,4.268,5.073,5.718,0.322,2.819,6.845,2.93,-0.044,-0.131,-1.968,3.148,1.093,3.017,1.443,0.875,-2.011,3.061,1.137,1
Positive_2,6.214,4.143,2.762,2.072,0.691,4.143,5.523,4.143,2.072,0.0,7.595,6.214,2.072,2.762,7.595,8.286,4.143,0.0,2.072,2.072,-3.579,-1.23,0.597,1.79,7.159,6.6,-0.895,-1.715,9.135,9.582,-2.908,0.895,1
Positive_3,4.847,2.751,2.227,2.62,1.703,1.048,1.965,4.847,2.227,3.668,7.205,2.358,1.048,4.192,2.751,2.751,3.275,2.62,3.799,4.323,3.671,2.862,1.493,0.373,5.383,4.107,3.516,4.138,2.862,2.147,4.418,2.8,1
Positive_4,7.887,4.524,3.712,5.336,1.508,7.191,3.364,9.047,3.48,7.539,11.715,6.496,3.596,2.668,5.568,6.727,5.336,0.696,4.176,6.843,2.041,-0.376,-4.672,-3.437,-1.933,-1.504,2.041,1.45,-0.752,-0.967,0.054,0.644,1
Positive_5,5.118,5.308,3.222,4.739,2.464,8.342,3.602,5.308,1.896,3.222,8.91,6.635,1.896,5.308,4.36,6.825,5.118,0.758,3.981,5.877,3.019,4.134,-3.994,-0.65,2.462,1.068,0.697,2.044,-3.669,-0.557,-0.093,2.647,1
Positive_6,5.384,5.652,2.961,5.922,1.615,5.922,4.307,5.922,2.961,4.845,9.96,7.537,1.345,3.499,4.037,6.191,4.576,1.345,5.114,6.461,-2.58,0.334,-4.634,-4.539,-0.669,0.382,0.812,0.764,4.204,6.211,1.911,2.246,1
Positive_7,3.815,7.63,0.763,3.815,3.052,7.63,3.815,6.867,3.052,6.867,4.577,8.392,2.289,3.052,5.341,0.763,3.815,1.526,3.052,0.763,0.849,1.294,-4.084,-0.283,1.375,2.992,-0.526,7.764,-0.526,-1.375,5.944,5.702,1
Positive_8,7.559,8.314,3.023,4.535,4.535,6.047,3.779,10.581,3.779,3.779,6.047,4.535,1.512,3.779,3.023,2.267,6.047,0.0,3.023,7.559,-3.093,0.047,-2.249,0.609,0.141,2.109,4.311,1.453,-2.39,1.078,4.405,-0.141,1
Positive_9,3.414,2.049,3.414,2.276,1.593,4.097,1.821,2.732,3.642,4.78,7.056,3.869,1.366,5.918,3.186,2.504,3.414,2.504,4.552,2.504,3.068,1.067,0.4,0.1,5.569,4.368,3.901,3.768,2.467,-0.133,5.035,3.701,1
Positive_10,5.455,3.223,4.215,3.719,1.984,5.207,2.231,6.695,2.48,8.927,9.919,7.439,1.984,2.48,3.967,8.182,5.703,1.984,1.488,7.191,-1.228,-0.52,0.52,1.134,-0.236,-0.425,1.228,1.086,-1.228,1.134,3.354,0.709,1
Positive_11,7.268,4.038,4.845,3.499,2.153,4.845,4.307,4.575,2.153,4.845,13.458,5.114,1.884,5.114,3.499,6.999,5.922,0.808,2.422,4.038,2.432,3.58,-2.524,-1.01,1.606,1.01,3.58,0.505,1.193,0.138,-1.606,-0.688,1
Positive_12,8.431,8.068,2.762,6.178,0.872,7.995,3.779,7.632,1.745,5.306,8.722,4.724,2.181,2.617,4.579,3.924,4.724,0.727,2.762,7.923,-2.009,0.239,-4.543,-2.917,1.1,3.682,1.53,3.491,0.956,3.348,-0.861,0.335,1
Positive_13,8.6,8.6,3.365,5.983,0.748,7.105,2.991,4.487,1.87,3.365,9.348,4.487,0.748,5.983,6.731,4.861,4.487,1.87,3.365,9.722,-3.899,-5.38,1.876,0.099,-4.047,-0.74,8.44,9.279,-6.861,-1.037,1.481,2.073,1
Positive_14,3.08,0.385,1.54,1.155,0.385,1.925,1.155,1.155,0.0,3.465,10.781,1.155,3.08,3.08,3.08,2.31,2.695,1.54,1.155,1.155,5.003,0.177,7.704,4.627,5.756,1.35,7.151,4.782,5.601,2.015,6.797,4.76,1
Positive_15,9.145,2.438,4.267,4.267,3.353,7.62,4.878,10.973,2.438,7.62,9.45,7.62,2.744,4.572,4.572,3.963,4.572,0.61,1.524,9.754,-0.957,-0.266,-6.011,-8.989,2.926,2.766,1.862,1.117,-2.34,-2.128,4.202,1.436,1
Positive_16,5.872,9.394,1.761,4.697,1.175,5.284,2.348,5.872,2.936,3.523,4.109,8.22,4.109,5.284,4.109,4.109,5.284,1.761,1.761,8.807,-5.787,0.226,-5.47,-4.973,3.3,2.486,10.172,13.608,3.707,3.843,-7.595,-3.933,1
Positive_17,10.596,3.998,5.398,4.198,1.599,5.398,4.198,8.796,1.799,6.197,8.596,6.797,3.798,4.198,5.997,6.997,6.397,1.199,2.199,8.596,-1.07,0.963,-0.374,-1.925,1.872,1.765,1.123,-0.695,-4.171,-2.781,0.695,-2.353,1
Positive_18,8.982,9.51,1.585,3.698,0.0,7.396,1.056,6.868,3.17,6.868,9.51,5.283,2.113,5.283,6.339,4.227,4.227,1.585,5.283,6.868,-2.147,-0.449,-9.086,-7.489,-2.446,4.044,5.242,4.194,11.283,6.59,-3.195,-6.39,1
Positive_19,11.42,5.209,3.206,5.81,1.603,6.011,4.408,9.016,2.605,5.41,9.417,7.213,1.603,5.61,7.013,8.214,5.41,2.003,3.407,8.214,-2.425,-0.113,-6.712,-4.456,-1.579,0.113,2.482,1.579,-4.399,-5.584,3.328,4.963,1
Positive_20,6.599,7.479,2.2,5.28,2.2,6.16,7.919,0.88,0.88,3.96,2.639,5.719,3.519,1.32,3.96,1.76,2.2,0.88,5.719,4.4,8.551,5.486,-4.54,-4.502,2.232,-0.416,1.362,6.016,2.346,-1.816,5.07,4.54,1
Positive_21,8.43,4.416,2.275,5.084,1.74,6.155,4.282,9.099,1.205,6.155,10.036,9.5,2.542,4.148,4.416,6.423,5.084,0.134,2.408,8.564,1.94,3.012,-5.819,-5.105,1.736,2.552,1.225,3.063,-2.144,-2.144,-0.408,-0.0,1
Positive_22,4.277,0.475,2.851,0.475,1.425,0.95,0.475,1.901,1.425,3.326,10.929,0.0,4.752,1.425,0.95,3.801,2.376,0.0,1.901,2.851,5.448,1.909,6.217,3.027,5.728,1.7,4.703,2.887,6.892,3.772,7.194,3.958,1
Positive_23,23.511,17.354,2.239,9.516,3.919,11.196,3.359,17.354,3.359,2.239,22.951,1.68,2.239,6.157,9.516,7.838,6.717,1.12,2.799,10.636,-6.877,-0.249,-1.823,-1.243,1.657,0.746,-13.173,-6.711,-6.379,-8.534,-14.664,-8.451,1
Positive_24,7.685,3.416,1.708,3.416,0.0,6.831,1.708,8.539,6.831,1.708,5.123,9.392,2.562,5.977,2.562,3.416,1.708,3.416,3.416,4.269,1.548,-5.649,-2.259,-3.891,4.351,2.301,3.431,2.218,12.636,15.481,-6.234,-7.615,1
Positive_25,8.45,7.456,4.474,8.946,2.982,4.97,3.976,6.462,0.994,1.988,9.444,5.468,2.486,4.97,2.486,5.964,4.474,2.982,3.976,6.958,-2.997,1.199,7.842,7.692,0.999,-0.2,-3.397,0.999,-5.844,-1.499,-1.049,-3.646,1
Positive_26,13.464,4.232,4.616,3.846,1.539,4.232,5.001,11.925,0.769,5.386,10.002,4.232,2.308,3.462,5.001,4.616,5.001,0.0,1.154,9.617,-2.51,-1.406,-3.665,-2.058,4.618,0.954,0.703,-2.259,3.464,1.857,1.054,-1.155,1
Positive_27,5.072,5.796,2.898,4.347,1.449,0.724,1.449,4.347,0.724,3.622,7.97,5.072,2.173,2.173,5.072,3.622,0.724,1.449,2.898,1.449,5.326,0.756,3.026,1.072,8.919,7.123,6.177,3.246,-0.567,1.828,0.378,-0.315,1
Positive_28,5.322,4.776,3.684,4.639,1.774,7.368,2.865,7.096,2.32,7.368,8.187,6.549,1.774,3.957,5.185,5.594,5.868,0.409,1.774,8.051,1.513,4.019,-5.91,-2.6,0.189,-0.898,3.499,3.877,-0.993,0.378,-0.189,2.553,1
Positive_29,10.04,6.372,4.441,5.792,2.124,6.372,4.441,9.461,3.283,6.95,12.163,6.372,2.896,4.827,6.758,4.634,6.372,0.966,4.441,7.916,1.924,3.848,-3.149,-5.714,1.574,-1.341,-1.224,-2.624,-2.391,-2.915,-1.341,-3.265,1
Positive_30,16.134,5.826,3.585,6.722,0.448,4.929,4.481,12.549,2.241,8.963,12.1,4.034,4.481,3.137,5.826,7.171,5.826,1.793,2.688,7.619,-1.989,-2.049,-6.872,-5.244,-0.181,-2.652,6.329,2.773,-2.954,-2.592,-1.145,-3.978,1
Positive_31,7.468,2.873,3.447,2.011,2.298,5.17,2.585,5.458,1.723,7.182,12.064,6.32,2.011,4.021,2.298,5.745,5.458,1.149,3.447,6.32,1.87,1.336,-6.011,-5.165,4.853,6.278,7.836,5.476,1.558,0.356,-1.469,-5.966,1
Positive_32,2.199,0.825,1.1,0.825,0.275,2.749,0.0,7.973,0.0,3.299,5.224,0.55,2.749,2.199,1.1,2.749,1.1,1.375,3.024,8.522,8.06,3.109,7.821,1.961,7.725,4.162,5.381,1.913,4.64,-0.67,6.075,1.985,1
Positive_33,10.132,6.803,2.894,4.342,1.447,6.947,7.526,7.816,5.066,3.763,14.473,3.907,2.46,5.5,6.657,8.539,3.329,2.026,3.473,7.382,0.744,2.977,-4.465,-3.148,-0.229,-0.973,0.973,-0.229,-0.172,-0.801,-5.61,-3.549,1
Positive_34,4.01,5.346,1.336,4.9,3.564,7.128,3.119,3.564,2.673,2.228,6.683,7.128,0.891,3.564,6.238,2.673,3.564,1.782,2.228,4.01,-3.333,-1.034,-2.835,-0.69,6.437,6.513,2.912,4.215,3.678,6.169,-0.383,1.724,1
Positive_35,0.0,4.738,1.184,2.369,0.0,6.516,2.961,3.554,3.554,4.146,5.923,8.293,3.554,3.554,7.7,2.961,2.961,2.369,3.554,5.923,7.392,7.316,-3.98,-6.52,-2.237,-0.758,0.948,3.904,6.52,1.44,6.255,3.904,1
Positive_36,9.112,2.733,3.038,4.86,0.303,6.074,2.126,6.074,2.43,4.86,7.897,9.416,2.733,5.164,3.341,7.289,7.289,0.303,1.823,8.505,2.098,-1.144,-10.539,-8.202,0.906,6.056,5.007,8.774,-0.811,-0.858,1.955,1.383,1
Positive_37,7.296,4.983,5.161,5.339,2.314,6.941,4.271,7.83,2.492,5.873,9.61,7.475,3.203,5.339,4.093,6.585,6.228,1.601,3.382,5.695,1.216,0.317,0.74,1.374,2.273,2.696,0.529,0.264,-6.712,-5.973,-1.638,-0.793,1
Positive_38,10.778,5.321,4.229,5.73,1.5,6.549,6.685,7.64,3.684,4.502,12.825,3.547,4.093,1.774,4.775,5.73,6.549,0.955,2.32,7.367,0.693,-0.213,-6.287,-1.332,1.545,1.385,1.758,1.652,-1.865,-0.852,-2.611,-0.426,1
Positive_39,4.994,5.41,3.954,2.289,1.457,6.45,5.618,3.954,2.497,2.913,8.948,6.658,0.833,2.705,6.242,6.867,3.537,0.833,2.497,5.202,2.18,1.635,-3.774,-0.168,1.761,2.18,2.558,2.642,2.683,3.061,0.922,0.461,1
Positive_40,11.612,3.387,2.904,4.355,1.451,7.258,1.935,8.71,1.451,4.839,8.71,7.742,2.42,1.451,4.355,4.355,3.871,0.0,1.451,9.193,8.779,7.819,-1.189,0.732,-5.258,-4.618,-0.96,0.091,0.0,1.509,-1.417,3.064,1
Positive_41,5.865,6.931,4.532,7.196,0.534,5.865,3.199,5.865,4.265,5.598,8.796,6.13,3.998,3.465,6.397,6.664,3.465,1.333,6.13,7.997,-4.221,-6.722,-4.117,-4.69,8.129,6.149,5.628,1.668,-5.628,-2.293,-0.104,1.98,1
Positive_42,7.975,6.162,2.9,9.062,1.45,7.975,3.625,7.25,2.9,4.713,10.15,6.162,3.262,5.8,4.713,5.8,6.887,1.813,5.8,5.075,-4.707,-0.876,-5.473,-7.827,6.732,6.349,-3.339,0.766,-0.274,1.04,-2.135,0.274,1
Positive_43,5.719,5.148,5.148,5.148,1.144,8.008,5.148,8.579,2.288,8.008,14.3,6.864,1.144,6.292,7.436,10.867,5.148,3.432,6.864,10.867,0.765,1.084,-3.125,-6.76,-3.444,-1.913,0.319,-1.339,-8.099,-8.291,4.464,-1.212,1
Positive_44,4.802,4.468,3.935,3.668,2.134,5.468,2.801,4.868,2.001,2.868,8.869,2.801,1.067,3.068,4.935,7.202,2.667,1.534,1.667,3.334,2.373,3.56,0.853,2.744,3.634,4.709,1.669,3.152,0.371,1.446,-0.519,1.854,1
Positive_45,9.206,2.802,4.003,6.004,1.201,6.805,2.802,2.002,4.403,5.604,8.406,6.805,1.601,3.602,3.202,7.205,3.602,0.8,3.202,4.003,1.44,0.044,0.96,-0.48,-0.785,2.312,1.527,3.272,4.756,6.763,-4.974,-2.094,1
Positive_46,8.557,7.176,3.589,6.072,2.208,9.109,6.348,6.9,3.589,7.176,11.592,3.313,3.037,4.968,8.281,6.624,5.52,1.38,2.485,6.624,2.864,1.031,-3.093,-3.093,-0.802,1.661,-1.432,0.0,0.458,0.573,-5.613,-7.102,1
Positive_47,5.813,5.164,3.425,3.555,1.479,6.149,2.621,7.109,1.764,5.604,8.148,5.527,3.321,2.621,3.763,5.06,7.058,2.335,1.816,5.579,2.505,2.286,0.571,1.846,1.055,0.571,1.451,1.231,0.044,0.615,-0.571,0.484,1
Positive_48,4.415,5.518,2.207,6.621,1.104,7.173,3.863,7.173,1.932,5.794,7.725,5.242,2.483,5.242,10.484,9.381,4.415,2.483,3.311,4.139,0.453,4.129,-2.266,-3.474,-1.158,0.252,2.87,6.143,-4.381,-1.007,-0.705,-1.561,1
Positive_49,4.531,1.133,13.029,1.7,1.133,11.329,3.398,4.531,1.7,9.63,9.63,13.029,1.7,5.098,0.567,5.098,6.231,1.7,7.364,3.965,-4.047,0.905,1.065,-6.283,-2.183,-2.662,4.153,0.266,-2.183,-0.586,1.065,3.994,1
Positive_50,11.215,6.659,3.855,5.957,0.351,4.556,2.804,6.308,1.752,4.556,13.668,2.804,4.907,4.556,7.71,5.957,4.556,2.804,2.453,6.308,0.467,-0.934,-6.068,-3.89,3.683,0.934,-4.616,-2.49,3.268,-0.259,2.749,3.423,1
Positive_51,8.892,7.469,3.557,5.691,0.0,6.758,5.691,4.979,4.979,5.691,8.892,3.201,0.712,4.624,7.469,4.624,6.046,2.134,3.201,6.046,1.711,-1.158,-1.61,-1.761,-7.499,-4.177,1.309,1.661,5.637,4.68,1.107,-0.554,1
Positive_52,3.945,2.255,9.582,5.355,1.409,5.637,2.255,6.2,1.409,7.046,8.173,6.482,2.537,4.791,2.819,5.073,6.482,0.846,4.227,6.2,-0.834,0.417,-1.715,1.02,1.808,5.239,-3.802,-0.371,1.066,1.344,2.04,1.066,1
Positive_53,6.778,6.162,5.546,6.162,3.698,3.698,1.848,16.02,3.08,4.314,10.476,9.858,2.464,6.778,6.778,13.556,6.778,1.232,1.848,10.476,-8.929,-3.444,-10.332,-4.847,-1.276,-1.148,3.316,2.679,-4.783,-2.296,0.765,2.742,1
Positive_54,4.996,3.651,11.626,8.455,0.96,6.725,4.131,6.053,1.346,12.874,10.953,10.28,2.402,5.381,5.092,9.512,7.013,1.25,7.591,6.053,-2.653,-0.695,-5.243,-4.232,-0.632,-2.148,-1.579,-0.0,-2.337,-3.411,-1.895,-1.516,1
Positive_55,10.185,5.718,3.395,8.756,0.715,4.825,2.323,9.113,1.965,4.646,8.934,1.608,1.965,3.753,6.075,6.968,6.611,2.323,3.038,9.649,1.949,0.615,-1.333,-2.821,-0.872,0.821,3.128,1.333,-3.692,-2.667,1.282,-0.308,1
Positive_56,9.921,8.503,6.055,8.245,2.061,7.988,7.472,9.148,4.38,5.025,12.368,2.577,3.092,4.896,7.988,7.73,7.215,5.025,3.993,8.245,-5.343,-3.628,-1.715,-2.045,-3.694,-4.881,0.132,-2.111,-5.739,-2.704,0.198,-0.396,1
Positive_57,4.716,1.966,6.682,4.323,0.786,6.289,2.752,9.039,2.752,5.896,11.791,10.219,1.179,1.966,1.966,6.289,8.254,1.572,1.966,10.612,0.556,2.121,-4.596,-7.02,2.222,-0.101,-1.212,4.798,3.131,5.152,-4.596,-1.465,1
Positive_58,9.37,4.134,4.684,6.614,0.551,6.063,2.481,4.409,0.276,3.858,9.094,7.992,1.653,2.481,3.307,3.858,6.338,1.102,1.653,4.684,2.961,4.695,-0.719,1.819,-2.538,2.242,3.046,5.584,-1.354,1.734,-3.68,1.607,1
Positive_59,13.359,5.725,1.59,8.906,1.272,3.816,5.725,7.315,2.226,4.771,12.404,4.135,2.226,2.545,3.816,5.089,3.816,0.0,1.909,4.453,3.329,1.427,-3.233,-1.284,2.473,5.373,3.994,5.373,-5.231,-2.71,-5.516,0.903,1
Positive_60,11.877,3.959,6.221,5.939,0.566,11.311,2.828,10.463,1.414,10.181,8.201,9.049,1.98,4.242,4.807,5.373,6.504,1.696,4.242,8.767,-3.768,-2.033,-10.706,-9.39,3.648,3.469,2.333,5.084,-0.12,1.316,-7.297,-2.153,1
Positive_61,8.712,5.925,6.273,6.97,1.393,5.925,4.879,11.152,2.091,10.456,12.546,7.319,2.439,3.834,6.622,4.181,5.576,0.0,3.485,7.319,-0.644,0.41,-5.152,-3.864,-0.41,-0.059,-1.639,0.351,0.41,-2.283,-3.162,-1.054,1
Positive_62,12.901,5.451,4.179,5.996,0.364,4.542,5.815,7.813,1.999,5.088,9.448,3.453,3.089,3.271,5.27,5.996,3.453,1.09,2.363,9.994,-0.508,-1.625,-2.184,-1.016,2.641,-0.152,3.707,2.641,-2.133,-2.082,-0.0,-0.863,1
Positive_63,11.092,6.269,1.929,5.787,0.965,8.681,3.375,9.646,2.411,7.234,10.61,5.787,1.929,5.787,2.894,4.34,4.34,0.0,3.858,5.787,5.29,4.982,-0.205,-2.465,2.465,0.411,0.822,4.982,-5.496,-5.239,-6.728,-1.541,1
Positive_64,14.587,8.364,3.89,5.446,1.361,8.364,8.752,6.224,3.306,7.391,13.615,4.279,1.361,2.529,8.947,5.64,4.667,1.361,2.14,7.391,-4.366,-1.136,-5.921,-1.435,-4.426,-1.854,0.359,1.974,1.077,1.017,-4.246,-0.658,1
Positive_65,10.19,5.694,3.896,6.893,0.299,4.046,3.597,7.643,1.798,4.946,6.294,2.697,1.498,2.248,6.743,5.994,6.893,0.449,1.948,10.04,-1.36,-1.173,-0.704,0.797,2.486,3.096,-3.049,-0.563,1.923,1.782,1.548,1.407,1
Positive_66,5.163,5.476,1.095,3.442,2.034,5.476,5.632,5.632,1.095,2.816,5.945,3.755,1.565,2.816,5.632,6.415,2.66,0.626,1.095,3.598,2.231,3.311,-0.864,-0.468,4.246,4.462,1.619,1.08,5.434,4.786,0.648,1.547,1
Positive_67,7.287,4.164,1.041,7.981,0.0,7.981,6.593,8.328,1.388,4.164,9.369,8.328,2.082,3.47,3.123,5.205,5.552,1.041,2.776,4.511,-1.18,3.162,-1.416,-3.256,-4.011,0.0,4.908,10.854,0.33,0.0,-3.351,-0.425,1
Positive_68,12.056,4.306,4.019,4.019,2.297,6.889,4.88,8.612,2.584,5.742,9.761,7.464,1.148,2.297,5.455,5.742,6.316,0.861,3.731,6.316,4.023,4.493,-5.329,-3.292,-1.411,-0.261,-0.888,0.836,-0.104,-0.94,-0.94,-0.679,1
Positive_69,10.917,4.758,5.599,7.278,2.799,7.557,3.638,10.357,3.079,8.956,10.636,8.117,4.479,3.079,4.479,3.919,6.718,1.68,4.198,8.677,-5.26,-3.023,-1.935,-2.539,0.605,-3.083,0.121,0.544,0.907,-2.358,-2.842,-2.056,1
Positive_70,4.02,4.493,3.547,5.439,2.837,5.676,4.257,7.686,2.128,4.493,6.858,6.266,1.419,2.483,4.847,6.621,5.084,1.537,3.902,6.74,1.626,3.613,2.078,1.852,3.207,2.349,-2.213,-1.762,0.226,1.265,-2.575,-0.0,1
Positive_71,5.431,2.675,2.918,5.026,1.135,6.08,2.756,5.756,1.54,3.891,7.296,10.215,2.026,2.432,3.567,6.891,3.405,1.054,2.594,5.513,-1.973,1.644,-2.014,1.685,2.384,3.699,1.767,6.576,-1.973,1.397,1.48,3.124,1
Positive_72,15.941,6.015,3.008,6.918,1.203,3.91,3.008,10.827,1.203,6.015,6.918,2.106,3.008,3.609,5.113,5.414,6.617,0.903,1.805,7.218,0.554,-2.166,-2.418,0.05,1.965,1.814,0.151,-3.879,1.713,-0.907,1.864,0.504,1
Positive_73,6.25,5.231,4.823,5.774,2.378,5.91,3.872,5.91,3.261,5.027,11.411,5.434,1.97,3.464,4.415,7.201,4.483,0.951,2.581,6.793,-0.097,1.214,-2.428,-1.166,0.34,1.117,2.72,2.477,0.68,-0.68,-1.603,0.291,1
Positive_74,4.169,1.389,5.558,6.253,2.084,13.2,1.389,9.727,0.0,10.422,5.558,6.947,3.474,3.474,2.084,5.558,3.474,2.084,2.084,6.947,-0.288,3.883,-6.376,-6.088,0.719,1.246,2.828,6.568,2.301,6.807,-2.685,-4.794,1
Positive_75,7.233,2.617,2.686,3.237,0.138,3.444,3.306,6.13,0.758,4.96,7.026,2.962,2.893,3.72,3.1,4.27,4.615,0.62,1.86,6.681,2.529,0.723,3.36,0.397,3.649,2.059,4.986,3.288,4.335,1.301,0.939,0.181,1
Positive_76,10.819,3.246,5.41,4.328,1.622,8.656,4.328,4.868,2.164,7.574,12.982,9.737,3.246,5.41,5.95,3.246,5.95,1.622,5.41,6.492,-7.518,-3.448,-5.822,-4.353,8.197,2.826,2.318,6.897,-5.936,-2.318,0.904,-4.805,1
Positive_77,13.487,4.969,6.151,4.496,1.656,7.808,4.259,8.045,3.549,5.206,12.304,5.678,4.259,2.602,4.496,6.625,5.915,1.183,0.947,6.862,-0.497,0.663,-4.254,-3.757,2.928,2.099,0.276,1.436,-3.481,-2.155,-1.934,-1.823,1
Positive_78,5.971,5.572,2.588,4.975,0.0,6.568,2.588,7.563,1.592,4.975,5.374,4.777,2.388,1.592,2.985,3.383,4.378,0.597,2.189,7.164,2.008,-0.077,-0.077,0.425,2.587,2.973,3.861,6.255,3.359,1.004,-2.239,2.703,1
Positive_79,11.443,7.524,3.448,6.114,0.313,3.448,4.859,10.502,1.568,4.232,6.74,1.254,0.94,2.665,7.524,7.995,8.935,1.568,3.448,6.898,-1.673,-1.217,1.42,1.521,-2.789,-2.028,-1.42,-0.203,-1.318,-0.203,3.499,2.992,1
Positive_80,5.651,8.162,5.651,9.417,0.628,11.301,1.884,7.535,1.884,8.162,14.441,11.928,1.884,8.79,7.535,6.278,8.79,1.256,5.022,11.928,-2.486,10.152,1.45,1.657,0.622,-2.21,-5.594,0.207,-8.287,-9.116,-12.776,-11.74,1
Positive_81,3.447,2.586,5.172,4.309,0.0,9.48,6.033,11.204,2.586,5.172,4.309,10.342,5.172,6.895,0.862,7.756,10.342,0.862,3.447,10.342,-5.516,-4.302,-5.35,-5.681,4.523,4.468,-0.883,9.211,-4.744,-4.302,0.552,1.71,1
Positive_82,10.836,5.736,4.462,5.418,0.318,5.418,3.505,7.649,2.231,3.824,11.472,6.692,2.231,5.098,8.923,5.098,4.78,2.549,4.143,6.055,-0.852,-1.916,-1.49,-4.045,0.692,2.501,-7.877,-5.269,1.437,-1.277,6.014,5.641,1
Positive_83,8.27,5.628,4.365,5.972,0.689,8.156,4.709,9.074,2.642,6.547,8.041,5.513,2.527,3.905,4.136,4.939,4.824,1.263,4.824,5.858,-2.089,2.394,-1.834,-0.611,0.56,3.107,1.426,2.14,-3.668,-1.732,-0.917,-0.662,1
Positive_84,8.58,1.716,6.177,4.461,1.03,8.236,3.775,9.266,1.716,8.58,10.981,7.55,3.089,6.863,5.834,5.491,5.491,0.0,3.775,4.118,-3.789,-2.615,-3.682,-3.362,2.615,1.708,3.575,3.895,-0.854,-3.148,-0.427,-0.64,1
Positive_85,6.886,4.756,4.188,4.402,1.42,7.667,6.744,7.596,1.917,7.241,7.809,8.945,2.129,2.485,5.609,4.473,6.389,2.627,2.768,6.673,-0.924,1.541,-2.054,-1.849,0.873,2.928,1.9,3.338,-2.414,-1.079,-3.338,-1.644,1
Positive_86,14.711,6.716,1.919,6.716,0.32,3.518,2.239,9.594,1.919,3.518,8.635,1.599,1.599,0.959,5.117,4.157,3.198,1.599,0.959,11.833,-3.769,-2.861,1.953,1.544,3.724,2.498,0.363,1.181,2.997,0.545,0.999,0.0,1
Positive_87,21.335,13.208,2.033,10.16,1.524,7.112,2.54,14.223,3.555,4.572,13.208,2.033,3.555,4.064,5.588,6.096,12.191,2.033,1.524,17.271,-1.183,-4.656,-18.773,-15.817,1.478,2.661,-3.917,4.361,1.109,2.143,-10.2,-5.026,1
Positive_88,4.682,5.7,6.514,5.7,2.443,6.107,5.292,8.55,1.832,3.257,7.328,7.328,3.664,2.443,4.682,6.922,4.682,2.85,4.275,5.7,0.8,3.248,0.3,2.149,0.65,3.448,-1.549,0.05,-1.749,-1.749,-3.898,-1.649,1
Positive_89,6.566,3.414,4.99,3.94,2.101,7.616,3.414,8.404,1.838,2.364,4.727,5.515,3.94,4.202,3.152,6.04,3.676,2.364,4.202,4.99,4.766,0.831,0.437,-0.656,1.924,-0.087,1.049,0.219,1.705,2.93,-0.787,0.219,1
Positive_90,7.285,3.914,1.74,3.37,1.033,4.295,3.262,22.072,0.435,1.848,3.044,3.643,0.87,1.359,14.678,2.61,2.392,0.381,0.543,2.065,-1.94,3.395,-1.496,3.274,5.335,5.093,-3.517,1.213,-1.091,3.395,2.627,2.87,1
Positive_91,5.218,2.899,4.058,6.668,4.348,9.856,2.899,4.058,3.478,3.478,8.407,5.798,1.449,4.058,5.218,2.029,4.928,1.159,2.029,5.798,0.615,1.23,0.264,1.318,-0.703,7.466,-1.888,2.723,2.108,3.338,-3.821,-0.483,1
Positive_92,10.125,6.552,7.445,5.658,1.192,8.042,4.467,8.042,2.68,5.658,11.02,6.255,1.787,6.85,7.148,8.042,6.552,2.68,3.574,9.232,-4.613,-2.337,-2.829,-1.538,0.369,2.153,-2.46,0.677,-2.153,-5.781,-2.399,-2.091,1
Positive_93,12.252,9.076,3.857,6.58,1.815,6.353,4.765,8.395,2.949,4.765,12.706,4.991,2.496,4.765,5.445,6.806,5.445,0.908,3.631,6.353,-3.145,-1.887,-5.26,-4.574,4.803,5.089,-4.231,-0.743,-3.316,-0.0,-2.23,1.144,1
Positive_94,8.807,6.966,5.52,7.098,1.709,8.018,3.681,6.441,3.155,6.441,10.91,7.361,2.761,5.52,5.258,4.732,4.732,1.577,4.338,8.675,-1.592,-1.023,-8.584,-6.538,1.649,1.99,1.137,4.264,-2.103,-0.739,-1.023,-1.137,1
Positive_95,7.174,3.043,4.783,5.217,0.87,5.217,5.435,3.043,2.174,3.913,13.913,6.304,3.043,5.217,6.957,11.087,11.957,0.652,1.522,7.174,-3.152,-3.641,1.196,1.087,0.054,-0.652,1.196,2.011,0.054,-0.163,-4.348,-2.337,1
Positive_96,9.217,3.01,2.822,8.089,1.317,10.534,2.445,5.455,2.069,4.327,8.653,8.841,0.94,6.207,3.95,4.327,4.327,0.94,2.257,5.831,-0.573,2.723,-4.443,-0.812,1.338,8.887,-3.774,2.437,-2.198,3.01,-2.819,0.669,1
Positive_97,7.458,7.019,3.51,6.141,1.755,8.773,3.071,9.212,2.193,1.755,11.844,9.212,1.755,6.141,2.632,7.458,3.071,0.877,2.193,10.089,-2.07,0.531,-3.875,-0.584,-4.14,2.972,-0.372,0.159,-0.955,1.433,-1.911,2.654,1
Positive_98,4.107,20.531,0.0,0.0,4.107,12.318,4.107,32.849,4.107,4.107,24.636,0.0,4.107,0.0,16.425,12.318,16.425,16.425,0.0,4.107,-0.632,-7.678,-14.273,-5.601,-35.321,-12.285,-7.769,3.975,8.853,-10.298,-0.542,0.903,1
Positive_99,1.638,3.275,4.504,11.055,2.047,5.323,1.228,2.866,1.228,1.638,4.504,4.913,2.457,3.685,2.047,6.142,1.228,2.047,0.819,2.866,0.197,5.667,3.538,6.453,7.763,12.25,-2.653,-0.098,-0.328,2.293,-2.391,1.802,1
Positive_100,6.03,6.934,2.713,5.427,2.412,2.713,1.809,3.618,1.206,2.412,6.331,3.919,1.206,2.111,3.618,3.919,2.111,0.302,1.508,3.316,9.574,7.284,0.159,0.413,3.212,3.849,2.894,4.93,1.908,0.127,0.477,1.559,1
Positive_101,5.051,6.945,1.578,5.051,0.631,5.366,0.947,3.472,1.578,4.103,5.997,3.472,1.894,3.157,2.525,3.788,3.472,0.0,4.103,6.629,3.139,3.244,-1.604,1.884,-1.151,0.628,4.395,6.732,0.035,0.035,6.069,6.836,1
Positive_102,13.88,5.315,4.134,4.725,1.181,5.315,6.793,7.974,2.658,5.315,11.813,3.544,2.067,4.134,5.315,5.906,4.725,0.0,1.772,5.315,-2.292,-1.528,-0.917,1.07,0.357,0.764,0.509,1.681,1.579,1.07,-1.274,-2.904,1
Positive_103,10.786,6.04,3.02,7.335,0.431,7.766,7.766,12.081,2.157,7.335,17.259,5.609,1.726,3.451,6.472,6.904,5.609,1.295,7.335,6.04,4.804,1.011,-6.764,-4.551,-4.362,-6.448,-3.982,-3.477,-7.459,1.517,0.822,2.465,1
Positive_104,4.728,10.316,3.869,9.026,0.0,10.316,2.149,10.746,1.719,7.737,10.316,10.316,3.009,8.597,3.869,6.447,3.009,0.0,5.159,14.615,-5.416,-0.504,-10.39,-0.882,6.108,2.456,-9.257,-2.645,-2.015,4.912,-6.675,-1.637,1
Positive_105,8.893,4.788,5.7,8.437,0.684,6.613,2.736,7.753,3.192,6.385,8.437,5.245,2.28,6.157,7.297,7.297,5.472,1.14,5.472,5.017,-2.834,-0.817,-1.199,0.054,-0.817,-0.926,-0.272,-2.452,1.962,2.943,-2.943,-1.689,1
Positive_106,8.893,4.788,5.7,8.437,0.684,6.613,2.736,7.753,3.192,6.385,8.437,5.245,2.28,6.157,7.297,7.297,5.472,1.14,5.472,5.017,-2.834,-0.817,-1.199,0.054,-0.817,-0.926,-0.272,-2.452,1.962,2.943,-2.943,-1.689,1
Positive_107,7.602,3.932,7.077,5.898,1.835,7.471,4.063,6.946,1.704,7.995,7.602,8.519,1.573,4.98,4.063,7.34,4.194,0.786,3.801,5.767,-0.774,2.682,-7.736,-5.106,1.496,4.59,0.309,3.404,-1.599,-1.186,-0.516,1.289,1
Positive_108,10.867,8.397,0.494,6.916,0.988,2.964,3.457,7.903,4.445,3.952,8.397,0.0,2.469,1.481,2.964,4.445,6.421,3.457,1.976,7.409,-2.995,-5.32,0.626,4.157,-0.313,-3.979,4.202,5.633,2.816,0.447,3.397,1.922,1
Positive_109,12.284,3.583,3.071,6.654,0.0,5.631,3.583,7.166,1.536,7.678,9.725,5.631,1.536,4.095,5.118,7.678,5.631,0.512,3.583,8.189,2.212,-0.103,1.389,-5.298,-5.967,-5.658,0.206,3.549,-3.344,1.749,4.475,3.909,1
Positive_110,15.949,8.473,1.496,6.978,0.996,4.486,3.988,9.221,1.496,3.489,11.464,1.994,1.246,2.243,5.482,3.988,5.981,0.996,1.994,9.719,-1.932,-1.576,0.559,-0.763,1.678,1.271,-1.068,-0.559,-0.966,0.407,0.102,1.169,1
Positive_111,9.754,4.601,5.89,5.153,0.92,5.337,2.761,9.018,2.025,5.153,6.809,3.681,2.209,3.865,8.834,4.417,9.203,3.497,3.129,6.994,-3.459,-3.872,1.859,-3.046,1.084,-2.323,2.633,0.568,2.685,2.22,-0.774,-0.826,1
Positive_112,6.314,1.96,6.75,8.056,0.0,4.354,5.226,7.621,1.96,5.008,6.967,9.58,2.177,5.226,2.613,8.491,8.71,1.089,5.443,5.443,-1.081,2.626,-3.038,-3.45,0.515,1.287,-1.184,-1.493,1.339,1.905,-2.42,2.008,1
Positive_113,6.39,3.994,4.793,5.059,1.331,10.118,1.598,7.988,2.13,4.526,11.982,8.787,1.598,5.858,4.526,4.526,3.195,0.799,5.059,5.592,-2.896,1.847,-6.89,-6.041,1.797,1.897,-1.198,3.245,1.198,3.245,2.147,1.797,1
Positive_114,11.338,3.198,4.07,5.524,0.291,4.361,3.488,10.466,4.361,3.488,9.012,6.396,3.488,3.488,7.558,2.616,9.012,1.745,3.198,7.558,-2.564,0.052,0.89,0.628,2.721,-0.052,-1.308,-2.878,1.413,-1.204,-0.471,-1.884,1
Positive_115,15.949,8.57,2.856,9.046,0.477,5.237,2.856,10.236,4.285,2.618,10.713,1.904,0.952,3.571,7.855,5.237,7.141,3.333,4.523,6.666,-5.017,-2.338,-4.903,-4.39,-0.342,2.052,0.627,4.39,-2.452,-4.618,1.368,1.596,1
Positive_116,9.44,6.468,6.468,8.216,1.048,4.545,6.292,7.516,3.321,5.769,11.362,2.972,2.797,5.593,5.244,5.769,5.069,2.621,4.895,5.769,1.834,0.056,-3.335,-0.222,0.834,-0.889,-3.558,-1.946,2.112,-1.001,-1.556,-3.502,1
Positive_117,6.69,2.23,4.459,8.919,6.69,11.149,0.0,13.38,4.459,4.459,17.839,17.839,6.69,2.23,4.459,11.149,11.149,0.0,4.459,13.38,-6.217,-16.679,-7.127,6.748,-12.434,-16.831,10.159,19.03,-14.784,-7.885,-4.321,-1.289,1
Positive_118,9.956,4.794,7.006,5.531,1.475,7.006,8.112,7.006,0.0,7.744,11.063,4.794,3.688,6.269,7.744,4.424,8.482,1.843,2.581,7.375,-4.5,-2.922,-4.617,-4.851,0.526,-0.701,2.104,0.818,-1.812,-3.857,1.929,0.994,1
Positive_119,9.372,4.513,5.727,6.422,0.0,3.644,4.165,8.851,1.388,2.95,6.942,4.338,2.082,4.165,1.735,7.116,5.554,1.909,3.471,3.297,-1.49,-0.044,2.41,2.892,-0.876,0.131,2.936,3.199,0.351,1.358,0.394,1.096,1
Positive_120,4.636,5.794,6.532,3.161,2.213,5.057,3.899,6.111,1.264,6.637,8.85,4.741,2.424,2.95,3.161,4.846,6.321,2.95,2.318,5.9,0.987,1.436,1.032,0.898,1.93,2.424,3.232,2.783,-2.693,0.718,-1.661,-0.853,1
Positive_121,9.315,4.075,2.91,5.239,0.0,6.986,6.986,6.404,4.658,6.986,10.479,4.658,3.493,6.986,4.075,8.732,5.239,1.164,2.329,4.658,-0.948,-0.738,-4.373,-8.219,5.848,-1.844,-1.897,2.898,-1.949,-2.213,7.429,0.632,1
Positive_122,10.454,5.3,5.521,5.889,1.472,7.509,4.932,10.821,2.651,6.11,12.0,5.3,2.797,3.239,5.521,6.258,5.595,1.178,3.68,8.318,-0.974,-1.203,-3.494,-3.608,-1.947,0.057,0.229,-0.63,0.0,-1.031,-0.974,-0.974,1
Positive_123,5.288,2.783,3.896,3.896,6.401,5.566,1.113,6.401,1.67,4.453,5.566,8.349,1.391,5.566,8.905,6.401,7.514,1.391,3.896,5.566,-2.208,0.144,-0.192,0.72,-0.0,1.584,-0.864,-3.985,-0.384,-2.304,5.425,6.049,1
Positive_124,7.365,6.37,2.786,3.981,2.388,4.379,3.981,5.176,2.189,1.791,8.957,2.986,1.394,3.383,8.957,10.151,5.773,2.388,1.791,6.967,0.373,1.025,0.978,1.584,0.373,-0.14,2.189,-1.63,0.233,0.093,2.934,-1.164,1
Positive_125,2.715,4.313,4.792,3.994,2.236,4.153,2.396,4.313,1.917,5.112,7.668,5.272,1.917,5.432,4.632,4.473,4.953,0.479,1.757,5.751,3.405,2.544,-0.117,-1.722,2.661,4.932,2.779,2.779,-0.47,-0.274,2.387,2.818,1
Positive_126,15.503,2.214,5.906,5.168,1.477,2.214,3.691,9.598,1.477,3.691,9.598,10.336,2.953,3.691,2.214,4.43,8.121,0.738,2.214,7.382,7.491,5.798,-2.925,-0.924,1.385,-3.951,1.283,2.617,-0.462,-2.104,-5.952,-4.874,1
Positive_127,7.113,0.0,0.711,2.845,4.979,4.267,0.711,7.824,4.267,2.134,2.845,13.514,2.134,2.845,2.845,1.423,0.711,0.0,0.0,3.557,0.777,2.589,-0.712,-1.456,0.453,3.592,7.864,11.262,2.848,5.89,-0.55,2.718,1
Positive_128,11.886,4.218,6.901,6.135,1.534,11.12,3.067,9.969,1.917,4.218,9.586,4.985,3.451,6.135,10.352,7.669,8.053,1.15,3.451,9.202,-4.062,-1.187,-4.375,-4.437,2.5,3.125,-2.25,0.0,-4.562,-3.0,-4.062,-2.687,1
Positive_129,4.369,3.884,10.681,3.884,0.485,2.913,4.369,11.652,1.942,6.312,4.369,4.369,2.427,3.398,3.398,8.254,8.254,3.398,6.312,6.798,-6.038,-4.718,0.558,-3.957,2.943,6.697,2.943,-2.435,-2.79,-2.334,2.943,4.718,1
Positive_130,16.498,3.437,1.375,6.874,1.375,2.75,5.499,6.187,1.375,2.062,5.499,8.936,1.375,4.124,4.124,4.812,2.75,1.375,2.062,4.812,-4.583,-4.234,3.492,0.393,1.702,6.809,-3.492,0.786,0.436,0.655,5.238,5.5,1
Positive_131,3.76,4.102,6.153,3.76,3.076,5.127,1.025,5.127,2.735,6.837,3.76,12.648,1.025,4.102,2.051,7.863,3.419,1.709,2.735,2.735,-3.141,0.963,-1.424,-1.047,0.251,1.214,0.963,3.057,4.564,6.993,1.424,2.429,1
Positive_132,12.223,5.975,1.358,4.889,1.358,4.074,4.617,7.334,3.531,3.26,8.148,1.901,2.445,2.988,4.889,6.247,4.617,3.26,1.087,4.889,0.713,0.267,2.851,2.049,2.138,1.247,2.361,2.094,-0.802,-4.499,2.138,0.356,1
Positive_133,11.519,10.666,1.707,2.56,0.0,8.959,2.133,8.533,2.56,3.84,9.386,2.987,1.28,6.827,7.254,6.4,2.56,0.427,2.56,5.547,-1.71,0.733,0.098,2.589,3.517,5.52,-2.931,4.152,-5.471,-0.489,-2.394,-1.319,1
Positive_134,12.337,10.063,4.22,9.74,0.0,7.791,5.843,8.766,3.896,4.545,10.714,3.571,3.246,7.466,7.142,3.896,8.766,1.623,8.117,7.791,-5.699,-4.793,-2.073,-1.295,-7.902,-3.756,2.267,0.648,-1.749,-2.785,-1.295,-1.101,1
Positive_135,15.869,3.441,3.06,7.265,1.53,7.839,2.486,12.81,2.294,7.839,7.265,7.648,2.677,2.294,6.118,3.441,5.162,0.574,2.486,11.472,-0.398,-2.669,0.17,-0.398,-0.114,-1.704,-2.271,-2.612,-1.533,-0.454,-1.363,-0.227,1
Positive_136,12.331,5.536,2.768,2.768,0.251,9.814,4.026,8.053,2.013,7.046,8.556,5.285,2.517,3.271,4.278,2.265,3.775,1.007,3.523,6.795,1.63,1.87,-5.609,-2.828,2.013,0.623,2.061,3.547,1.582,-0.671,-0.192,0.096,1
Positive_137,18.104,7.798,0.278,5.849,1.95,6.127,3.063,10.584,3.621,1.671,10.305,1.95,2.507,1.392,3.343,6.127,4.735,1.671,1.114,9.748,-0.204,0.306,-2.803,-4.638,-0.561,-0.102,-0.917,1.733,0.765,2.803,1.376,0.306,1
Positive_138,5.624,4.687,6.874,7.187,0.937,5.937,4.999,8.749,3.75,7.499,14.373,6.249,2.812,3.437,2.5,6.562,7.187,1.875,4.687,6.874,-0.169,0.282,-4.625,-2.876,-0.056,-3.158,-3.666,-0.846,-2.143,-0.169,3.666,0.959,1
Positive_139,3.663,2.198,20.517,7.328,2.931,5.862,2.198,3.663,2.931,14.655,15.387,9.525,3.663,6.594,5.862,6.594,5.129,0.732,5.129,8.06,-2.653,-2.387,-5.438,-8.024,1.393,5.172,1.592,0.928,-3.912,-1.459,-9.682,-8.156,1
Positive_140,16.304,3.623,6.039,5.435,0.0,9.662,9.058,6.039,1.208,6.039,11.473,7.246,2.415,7.85,4.831,7.246,3.623,2.415,3.623,6.643,2.778,-0.483,1.993,-3.623,-1.389,3.261,-2.234,-4.167,-6.643,-8.696,-4.287,2.717,1
Positive_141,8.33,5.7,3.727,5.481,0.0,7.453,3.727,7.453,3.508,6.577,6.797,4.604,1.096,6.797,4.604,7.016,5.92,1.096,2.192,4.823,0.581,1.647,-4.845,-3.828,2.665,2.18,0.436,1.163,-1.017,-1.696,3.731,2.083,1
Positive_142,8.519,9.68,2.323,3.872,0.775,13.552,2.323,8.519,1.549,6.583,10.455,11.229,2.711,7.357,3.485,6.583,4.647,1.936,2.711,9.68,-2.666,0.474,-16.884,-9.064,-0.889,2.488,6.043,7.583,-1.481,0.237,-4.502,0.178,1
Positive_143,5.908,3.376,4.219,6.752,0.0,5.063,7.595,5.908,2.532,4.219,6.752,9.284,2.532,7.595,3.376,8.439,9.284,0.844,2.532,13.503,-1.481,-2.578,-13.714,-5.211,5.924,5.924,3.95,5.266,-3.675,-0.384,-1.097,-2.633,1
Positive_144,15.402,8.036,4.018,6.028,0.67,7.367,4.018,9.376,4.687,5.358,13.393,4.018,7.367,3.348,8.706,6.697,7.367,1.339,2.678,12.054,1.385,-2.836,-9.96,-7.19,1.649,-3.166,-2.77,-1.187,-5.871,-4.815,1.847,0.989,1
Positive_145,10.25,7.48,3.324,7.48,1.385,4.71,4.71,8.864,2.771,4.156,14.406,5.264,3.047,2.771,4.156,6.649,4.986,1.939,2.771,7.757,0.599,-1.688,-7.676,-4.246,0.109,-2.232,4.083,4.409,0.218,1.361,-2.286,-1.524,1
Positive_146,10.253,3.417,6.266,3.417,0.0,7.404,2.848,7.404,2.278,5.696,11.391,6.835,3.417,2.848,3.987,5.696,3.417,0.0,2.848,9.683,-2.23,-4.014,-0.644,-2.924,2.626,4.361,6.046,2.626,2.279,2.973,-5.302,-4.906,1
Positive_147,13.338,8.892,1.667,3.056,0.555,9.17,1.389,9.447,1.389,2.779,15.005,3.056,1.389,2.501,4.446,1.389,3.613,0.834,1.389,6.946,-3.413,-1.245,1.338,-2.214,5.812,6.596,0.646,0.323,2.721,-1.845,-0.969,-0.0,1
Positive_148,8.847,6.135,3.425,6.564,1.712,7.562,3.568,9.275,3.425,6.564,6.706,5.85,2.426,2.711,5.565,5.138,5.707,2.283,4.424,6.278,-2.292,-1.51,-2.031,-1.719,3.906,3.958,0.521,1.562,-1.51,-0.677,-2.552,-1.823,1
Positive_149,12.341,3.572,3.572,6.495,2.273,8.119,5.196,9.093,4.871,8.119,9.418,8.768,4.222,5.521,5.846,7.145,8.768,2.598,5.196,9.418,-1.044,-2.48,-7.245,-6.593,4.569,0.979,-1.305,-4.243,-2.285,-3.525,-2.937,-4.439,1
Positive_150,12.977,9.179,4.115,7.597,0.95,8.23,5.064,12.661,2.216,4.748,10.129,1.582,1.582,6.014,8.863,4.432,6.647,1.266,4.432,6.647,-2.745,-1.551,3.282,0.418,-2.029,1.551,2.625,-0.239,-5.907,-1.85,-6.683,-6.205,1
Positive_151,9.468,10.962,3.987,4.485,0.498,7.972,6.976,8.471,2.491,3.488,12.457,2.491,2.491,1.993,7.475,8.969,4.485,2.99,2.491,5.979,-3.927,1.715,-0.94,-4.204,1.438,1.881,0.83,0.774,1.217,1.106,-3.872,-6.637,1
Positive_152,5.536,3.757,3.163,5.339,1.582,7.711,4.153,4.35,1.78,7.909,10.677,8.304,1.582,2.768,2.966,5.536,3.559,0.198,2.175,5.141,3.527,3.086,-4.012,-2.513,3.792,4.145,1.279,2.205,3.395,3.792,-5.203,-1.675,1
Positive_153,6.13,5.759,3.343,4.922,1.3,7.802,5.015,5.572,2.508,5.386,9.288,5.851,3.158,2.787,6.408,7.523,4.737,1.3,3.529,5.386,-1.905,0.928,-3.42,-0.733,2.052,2.247,-0.195,0.977,-0.147,-0.537,1.612,1.417,1
Positive_154,6.576,5.433,3.574,5.004,2.002,6.862,3.574,6.576,2.859,3.002,8.434,5.575,2.859,3.145,4.717,2.574,4.717,1.573,3.145,7.005,2.587,2.765,1.16,0.714,3.078,2.632,0.223,-0.803,-2.453,-1.74,0.714,1.918,1
Positive_155,8.262,8.262,5.163,8.262,3.099,13.427,5.163,15.491,4.132,10.328,11.361,10.328,5.163,8.262,6.196,7.229,5.163,3.099,4.132,14.46,-2.198,2.904,-15.463,-8.399,-3.454,-1.962,-2.983,-3.768,-5.73,0.235,-7.614,-8.556,1
Positive_156,4.303,7.529,1.434,2.51,3.944,5.737,3.586,5.02,1.792,0.717,7.171,2.151,3.227,2.868,8.964,7.171,1.792,1.434,1.075,6.812,-0.832,-0.277,-0.872,0.594,2.853,1.862,7.29,9.786,-0.079,-0.158,-0.079,0.674,1
Positive_157,6.077,8.037,1.372,2.745,1.568,5.489,4.313,6.077,1.372,1.96,7.841,4.705,0.784,3.333,7.45,5.685,2.157,0.784,1.372,3.333,-1.606,1.797,0.229,2.791,2.867,3.096,5.81,4.587,1.414,3.402,-2.37,1.529,1
Positive_158,14.625,5.281,4.062,8.124,0.0,6.499,2.437,9.343,2.844,4.469,10.156,2.437,0.812,7.312,5.281,6.094,8.937,1.625,5.281,7.312,1.299,-1.807,-2.71,-3.049,1.863,-0.508,2.259,-1.412,-0.056,0.847,-4.63,-5.025,1
Positive_159,7.618,9.14,3.554,6.602,1.524,7.618,5.078,5.078,2.54,6.094,13.71,9.648,3.554,5.586,3.046,6.602,6.602,0.508,4.57,8.632,3.402,0.938,-1.584,-2.287,-0.528,2.991,0.176,-1.056,-9.795,-7.507,-2.815,0.762,1
Positive_160,5.221,5.221,5.221,6.17,1.424,7.119,2.373,5.696,0.949,4.747,9.018,4.272,3.323,4.272,2.373,5.221,4.272,0.475,1.898,6.17,-3.845,-1.88,-6.536,-4.101,2.221,5.98,12.858,11.32,-0.47,-3.845,-0.769,3.631,1
Positive_161,3.996,4.852,2.569,5.138,0.285,8.277,0.57,5.423,0.857,5.423,7.421,7.707,1.712,2.569,3.711,5.138,3.139,0.57,3.425,9.419,-1.562,1.891,3.576,3.0,5.878,8.919,2.589,6.206,-4.275,-1.48,-4.644,-2.302,1
Positive_162,14.086,1.657,1.657,3.314,0.0,6.629,1.657,8.286,3.314,4.143,8.286,4.971,1.657,2.486,5.8,7.457,10.771,1.657,1.657,5.8,3.383,1.62,1.191,-0.667,0.81,1.667,0.905,-3.192,1.81,-2.144,0.381,-1.048,1
Positive_163,10.409,6.406,1.601,4.538,2.135,5.071,8.807,6.406,3.736,2.402,10.409,2.135,1.068,4.003,8.274,7.206,5.338,1.868,3.47,6.139,0.304,1.014,1.927,-1.268,-1.014,2.84,-0.71,-4.564,-3.043,1.927,0.963,0.203,1
Positive_164,6.964,5.753,2.119,9.084,0.909,6.661,3.331,6.661,2.119,7.267,10.598,7.873,1.817,3.331,1.817,7.267,6.056,0.605,3.633,3.936,-0.733,1.418,-4.499,-1.516,-1.565,1.516,0.88,5.33,-1.956,2.445,-0.587,1.467,1
Positive_165,7.135,5.513,5.513,8.109,1.622,10.379,7.46,4.216,2.595,9.082,12.0,5.189,2.92,5.513,4.216,8.433,6.487,2.271,5.189,8.109,-1.646,2.317,-4.634,-3.598,-2.805,2.988,-0.61,-1.768,-1.159,-0.366,-5.854,-4.817,1
Positive_166,11.087,4.712,8.592,9.146,0.554,5.821,6.098,13.581,1.663,5.543,6.098,5.543,4.434,5.543,2.494,7.76,6.928,5.266,6.098,6.651,-6.119,-8.467,-1.669,-2.101,-1.422,-2.967,4.203,2.472,-1.051,-2.287,-2.967,-1.236,1
Positive_167,9.073,3.428,6.452,5.344,0.403,3.73,5.142,7.461,1.008,4.638,8.166,3.528,1.916,4.234,4.335,8.872,9.275,1.411,3.327,7.561,-0.199,-1.192,1.043,-0.397,-2.582,-1.738,2.532,0.794,-0.248,0.894,1.49,0.298,1
Positive_168,10.269,6.301,9.102,5.601,0.7,5.601,5.368,13.07,1.401,7.702,6.535,3.734,2.101,3.268,5.601,10.269,13.07,1.167,4.202,7.936,-3.506,-3.752,0.062,2.091,-3.198,-2.276,-3.875,-5.474,-2.706,-1.784,-0.554,1.968,1
Positive_169,15.314,4.177,1.856,3.248,0.464,4.641,1.392,6.497,1.856,4.641,10.209,1.856,2.785,0.0,6.033,6.961,5.105,1.392,0.928,5.105,3.209,-0.633,-0.38,-1.014,7.264,4.856,-0.253,-1.309,2.28,-0.253,1.562,0.211,1
Positive_170,4.828,7.023,6.584,6.584,0.0,5.267,2.195,7.901,1.756,4.389,11.85,12.29,3.073,1.317,4.389,6.144,3.95,2.195,2.633,8.779,-3.816,-2.114,0.516,2.476,-3.352,0.928,-2.888,-2.218,4.332,5.054,-3.559,1.496,1
Positive_171,6.649,4.433,7.228,6.264,0.674,4.722,3.854,6.168,1.446,3.373,7.228,3.758,2.795,4.337,5.686,6.168,6.456,1.253,5.493,5.3,-1.539,1.306,0.28,1.912,-4.011,-0.513,-0.7,1.959,0.466,2.146,1.632,3.778,1
Positive_172,3.39,6.215,6.497,7.345,1.412,11.863,1.412,9.322,3.107,5.932,9.887,8.473,2.542,7.062,4.802,7.908,6.497,3.107,4.802,10.451,1.647,5.979,0.61,5.735,-5.308,-3.356,-9.396,-6.04,-5.247,-0.183,-4.21,-2.257,1
Positive_173,10.131,10.131,3.165,5.698,0.633,14.562,3.799,5.065,3.165,6.332,16.463,4.432,5.698,6.332,8.231,8.864,6.332,1.266,5.065,9.497,-0.472,1.079,-6.136,-0.202,-6.878,-8.159,0.472,-2.9,4.383,7.552,-15.779,-7.822,1
Positive_174,5.943,6.201,5.426,5.943,1.809,6.976,5.426,5.167,1.809,4.65,6.201,8.268,2.326,4.134,6.718,10.076,5.167,1.033,3.1,8.009,2.035,3.653,-3.184,-1.514,-1.409,2.975,-3.288,-0.939,-1.148,-0.731,-1.305,0.47,1
Positive_175,16.002,2.489,6.046,5.69,0.0,4.623,6.4,9.957,1.778,4.623,12.09,9.245,2.489,4.267,5.334,9.245,4.978,2.133,3.556,9.245,-4.447,-5.829,1.983,-0.541,2.644,1.142,-4.808,-0.481,-0.421,-1.743,-1.743,-5.95,1
Positive_176,8.694,3.415,2.173,5.588,0.31,9.004,1.553,7.451,1.553,6.52,10.246,9.004,1.242,4.037,3.105,1.863,6.21,0.31,0.31,8.694,-0.183,2.465,-4.427,-5.066,3.332,6.298,2.465,4.427,-1.643,1.278,-0.73,0.502,1
Positive_177,4.601,7.668,2.556,5.623,0.0,9.202,1.022,2.045,1.022,6.646,8.18,6.646,1.534,3.067,1.534,2.556,2.556,0.511,2.556,3.067,2.904,4.247,-10.454,-6.134,0.871,2.468,14.991,19.891,2.323,4.973,-7.26,-1.416,1
Positive_178,11.995,7.497,0.5,4.498,1.499,4.498,8.497,7.497,2.499,1.999,11.995,2.499,0.999,5.498,4.997,5.498,5.998,0.999,2.998,8.497,1.413,2.928,0.353,-0.707,6.461,-0.353,-0.05,-2.675,-3.584,-0.707,-3.635,-0.404,1
Positive_179,7.305,4.869,4.869,7.608,0.305,7.913,1.826,4.869,1.218,4.261,10.956,5.174,2.435,4.565,3.044,7.0,6.392,2.435,5.478,6.392,0.346,3.66,-4.451,-2.72,-2.275,1.236,4.896,0.89,-2.127,-3.61,2.522,2.72,1
Positive_180,12.73,3.321,6.641,6.641,1.107,8.302,4.428,11.623,0.554,9.962,9.41,8.856,2.767,3.321,3.874,6.641,4.428,0.0,1.661,14.944,2.242,1.758,-4.0,-5.152,0.788,3.455,-7.273,-4.0,-5.939,-5.152,0.303,1.758,1
Positive_181,2.76,2.315,5.877,4.719,3.473,5.877,3.74,4.095,2.671,7.034,9.26,6.945,2.137,4.987,6.144,11.397,6.233,2.405,4.007,7.658,-2.386,-0.571,2.853,1.4,-1.089,-1.919,0.726,0.622,0.622,-1.089,-1.608,-1.297,1
Positive_182,5.109,4.025,3.096,4.18,2.013,7.586,3.406,4.645,1.703,4.025,7.896,6.038,1.084,3.251,4.025,8.515,4.645,0.929,2.787,5.109,4.666,5.464,-2.06,-1.555,-1.934,0.42,-0.925,2.774,2.06,1.261,0.925,4.834,1
Positive_183,4.148,5.185,4.77,6.222,2.074,6.429,3.733,5.599,2.074,5.599,10.162,8.502,2.281,3.733,5.599,7.259,4.148,2.074,2.903,6.222,0.839,0.444,-3.011,-2.616,1.382,2.567,2.912,1.826,-0.592,0.938,-1.974,-1.431,1
Positive_184,5.931,3.483,2.918,4.708,1.695,8.661,3.389,3.577,2.354,2.26,5.272,3.86,2.26,1.977,3.295,3.295,4.708,0.847,1.883,6.12,0.979,4.458,0.906,2.537,0.471,4.458,1.341,5.69,-0.326,2.936,2.066,1.993,1
Positive_185,2.238,3.637,3.637,3.357,1.679,4.476,1.958,3.917,1.399,1.958,5.595,3.357,2.238,2.798,3.637,3.917,2.798,0.559,1.399,5.595,1.023,4.632,7.398,6.857,0.962,1.744,4.18,4.722,1.504,2.346,1.714,2.767,1
Positive_186,5.615,4.368,2.34,3.015,0.988,4.783,2.808,4.627,1.924,5.095,8.682,4.315,2.235,3.275,2.548,6.135,4.211,0.884,1.715,5.147,0.598,2.578,2.092,1.942,2.503,2.503,3.474,2.503,-0.075,0.897,2.764,3.511,1
Positive_187,3.347,3.347,1.673,1.673,3.347,0.837,1.673,2.51,5.02,0.837,3.347,6.693,1.673,0.0,4.183,3.347,2.51,0.0,1.673,2.51,7.53,6.601,0.0,3.163,5.723,3.313,5.422,2.761,2.284,4.167,4.116,4.719,1
Positive_188,8.371,7.279,3.761,4.731,0.242,4.61,5.338,8.371,0.971,2.305,10.676,3.275,2.062,3.397,5.217,6.43,4.488,1.699,3.033,7.643,1.784,2.019,-3.568,-2.676,1.033,0.329,3.146,1.362,1.596,0.798,-0.235,0.516,1
Positive_189,6.606,3.974,2.847,2.954,1.826,4.028,2.9,5.156,1.719,3.276,6.929,2.847,1.934,3.061,2.578,4.673,2.685,0.591,1.934,5.21,2.201,2.845,3.691,2.337,2.201,1.863,4.673,4.673,2.54,2.337,1.355,1.558,1
Positive_190,3.658,1.829,3.048,6.097,1.219,3.658,1.829,3.658,1.829,3.658,4.268,7.316,3.048,3.658,1.829,5.487,3.048,0.0,1.829,0.61,8.713,9.698,0.123,2.217,7.482,9.36,4.957,6.897,-3.14,-0.954,-5.049,-1.878,1
Positive_191,10.372,7.112,3.556,6.52,1.185,7.112,3.26,8.001,1.185,5.927,11.854,7.112,2.964,2.964,4.445,6.52,4.741,1.779,2.964,10.076,-4.002,-2.906,-10.088,-5.647,1.919,2.303,6.25,4.605,-3.509,-0.603,-0.11,2.138,1
Positive_192,6.087,3.409,4.139,5.6,0.487,5.965,3.166,6.452,0.853,5.357,5.357,6.574,1.582,2.922,3.044,4.261,5.722,0.244,1.826,5.6,1.258,3.107,-1.455,1.416,2.674,3.343,3.343,4.522,-0.079,2.006,-0.629,1.848,1
Positive_193,4.241,4.241,3.534,4.947,1.414,6.361,2.12,2.827,2.827,3.534,9.188,5.654,1.414,3.534,3.534,9.188,3.534,1.414,4.241,6.361,-2.355,-0.378,-1.262,3.49,7.233,7.738,-4.415,-1.346,0.378,3.112,1.388,2.313,1
Positive_194,6.76,6.049,1.601,3.024,2.135,6.582,5.159,3.914,2.669,3.558,8.362,3.736,2.313,3.202,5.693,6.582,2.313,0.712,1.245,3.914,1.75,2.704,0.239,-2.028,4.016,2.624,-0.278,-1.153,5.288,4.135,1.71,1.471,1
Positive_195,8.457,2.207,6.619,6.803,0.0,4.045,4.781,9.561,2.022,4.596,7.354,6.619,1.103,4.229,3.125,6.803,7.354,0.919,6.619,7.539,-1.108,-0.202,-0.554,0.403,0.252,1.411,2.217,-0.0,0.05,-0.302,-0.806,-2.116,1
Positive_196,5.298,4.687,2.548,5.502,1.528,6.827,4.381,5.91,3.363,4.484,10.903,5.706,2.038,3.974,6.725,8.355,6.419,1.121,3.363,6.419,3.186,4.729,-2.837,0.199,0.199,0.498,0.996,0.05,-2.439,-1.543,-1.244,-1.344,1
Positive_197,12.494,4.042,2.94,5.512,1.837,7.717,4.777,10.289,1.837,5.879,6.982,7.349,1.47,3.675,4.042,5.512,5.512,2.205,1.837,9.187,2.207,1.209,1.524,-1.524,-3.994,-0.105,-0.105,2.522,-2.89,-1.471,-1.314,-1.156,1
Positive_198,8.013,8.566,5.527,6.355,1.105,6.08,4.422,8.013,3.04,5.804,11.882,5.527,3.593,5.527,7.461,10.501,4.422,0.829,6.08,7.737,-8.554,-2.289,-6.627,-4.277,0.361,2.048,1.386,3.554,-3.193,-2.229,-0.663,-0.0,1
Positive_199,5.171,3.325,3.325,2.955,2.955,6.833,2.955,5.356,2.955,4.986,8.127,6.833,2.032,2.955,4.986,8.496,4.433,0.923,2.955,5.356,3.209,4.22,-4.044,-2.901,-1.495,-1.582,4.791,3.341,2.154,3.341,0.308,0.747,1
Positive_200,9.481,4.916,3.278,5.384,0.819,5.97,4.799,8.31,1.638,2.692,7.491,5.267,1.521,3.628,4.916,5.384,4.799,1.756,2.575,6.906,-0.641,2.792,-2.929,-0.229,2.838,1.876,-1.831,-1.144,2.517,3.249,-0.549,2.517,1
Positive_201,4.575,6.405,6.405,4.575,1.83,8.234,3.659,9.15,0.0,8.234,9.15,16.469,3.659,4.575,0.915,7.32,12.809,1.83,1.83,9.15,-0.06,-4.106,-6.22,-1.932,-8.635,-0.121,-5.495,3.14,-6.159,-4.167,6.341,6.643,1
Positive_202,6.512,2.004,1.503,6.012,2.004,7.514,1.002,4.509,0.501,4.509,7.014,12.524,2.004,2.505,3.005,6.012,3.507,0.501,3.005,7.014,8.565,13.514,3.534,6.57,-2.952,-0.125,-0.956,0.915,-3.368,-1.414,-3.784,-3.659,1
Positive_203,4.086,3.742,3.298,4.43,0.985,7.68,4.48,2.264,1.329,3.249,7.335,7.089,2.018,1.822,2.412,4.184,2.855,0.542,1.625,2.905,1.264,4.168,-0.102,3.451,1.64,3.997,1.469,4.954,1.367,4.031,1.264,4.168,1
Positive_204,6.11,3.819,4.105,4.392,1.623,6.11,3.342,6.206,2.483,6.397,9.452,4.2,2.387,3.246,6.683,8.783,4.869,1.528,2.673,6.969,0.238,0.62,-1.049,-1.907,-0.048,0.334,1.144,1.431,2.241,0.715,1.001,-0.095,1
Positive_205,7.23,5.131,3.149,6.064,1.982,7.23,3.382,7.696,1.866,6.297,8.512,7.58,3.265,4.081,5.364,5.131,4.781,0.816,2.449,8.046,-1.351,2.501,-3.352,-1.851,1.251,2.201,2.601,4.902,-4.702,-2.501,0.6,-0.35,1
Positive_206,14.273,8.86,0.984,6.398,0.0,5.906,1.476,5.414,2.461,5.906,8.86,0.492,2.461,1.476,6.398,5.414,5.414,0.984,3.446,6.398,7.163,2.558,-7.023,-5.488,-2.279,0.14,8.744,8.326,7.395,1.767,-8.605,-5.721,1
Positive_207,7.596,3.58,4.992,4.124,0.0,4.883,4.232,7.704,1.085,4.774,7.596,5.751,2.17,2.279,3.038,8.898,6.294,0.868,4.124,5.1,3.029,1.782,-2.584,-0.49,-0.846,-0.624,1.782,1.47,2.272,2.628,0.935,1.559,1
Positive_208,6.174,3.406,4.685,6.814,1.703,7.026,4.259,5.11,2.129,5.536,9.582,7.239,2.98,4.045,4.897,6.814,6.174,0.639,2.555,6.174,0.245,2.4,-3.575,-1.322,0.93,2.498,0.098,1.763,-1.175,0.588,-1.812,1.42,1
Positive_209,10.816,5.967,4.475,6.341,2.238,8.205,4.848,6.713,3.356,5.594,13.8,7.459,1.864,2.984,9.324,5.967,4.475,2.611,5.222,8.952,-0.727,0.303,-7.576,-6.424,0.303,0.788,1.03,-0.364,-3.333,-0.121,-5.939,0.848,1
Positive_210,5.005,5.071,2.239,3.293,1.185,6.717,2.634,5.005,1.383,2.766,7.507,3.49,1.12,2.239,6.98,7.178,3.687,1.251,0.856,3.095,2.69,4.98,0.909,2.835,2.036,3.744,-0.145,1.563,1.018,2.799,2.036,2.835,1
Positive_211,2.145,1.262,1.892,1.009,0.883,0.379,1.388,2.776,1.388,5.551,6.939,0.883,1.009,4.29,2.523,3.154,2.145,1.262,3.28,3.28,6.12,3.985,5.076,3.724,5.432,2.372,4.791,4.293,5.313,4.246,4.198,3.012,1
Positive_212,12.279,9.739,2.117,9.739,0.847,5.081,4.235,10.163,2.54,3.388,14.397,2.117,1.27,4.235,7.621,3.811,10.586,1.693,3.811,10.163,-5.512,-5.033,-0.659,-1.558,-11.264,-7.37,9.706,4.254,-1.558,0.06,-1.618,0.719,1
Positive_213,5.699,11.398,11.398,7.599,1.9,5.699,9.498,13.298,0.0,9.498,15.198,11.398,5.699,3.799,3.799,7.599,5.699,0.0,9.498,13.298,5.699,-0.988,-0.988,-10.486,-17.781,-3.951,3.723,9.347,-5.167,-3.04,-12.918,-15.426,1
Positive_214,10.882,2.92,6.105,6.105,1.858,7.167,1.593,10.616,1.327,5.043,10.086,11.148,3.716,4.247,4.512,6.37,4.512,1.061,1.061,10.352,-5.368,-1.716,-1.992,-1.273,0.055,-0.498,3.32,2.988,-2.878,-0.387,-3.652,0.719,1
Positive_215,6.585,6.585,10.114,7.998,2.588,4.469,3.293,11.995,2.822,6.585,6.585,5.41,2.588,7.056,5.41,7.526,5.174,4.234,4.704,8.468,-5.108,-5.769,-1.983,-3.846,2.284,-0.12,-3.125,-1.382,0.3,-0.601,-0.601,-0.24,1
Positive_216,9.407,4.938,4.704,4.704,0.94,5.644,3.998,8.466,3.528,3.998,13.875,6.114,3.528,3.292,5.174,7.761,6.114,2.116,4.233,7.055,-0.658,0.986,-5.808,-5.644,-0.329,1.479,2.685,2.849,2.521,2.959,-4.932,-5.699,1
Positive_217,7.703,5.664,3.399,7.25,1.813,4.758,4.078,7.929,2.945,6.57,7.023,8.157,2.719,4.531,4.305,4.984,7.023,2.039,3.172,6.344,-2.407,-1.792,-6.247,-5.991,-0.102,2.048,2.304,3.891,4.045,2.202,0.0,-0.358,1
Positive_218,7.091,3.091,2.909,4.727,1.091,4.909,1.819,8.0,1.819,5.455,4.727,8.545,2.181,2.545,4.545,4.181,5.273,0.909,2.181,8.0,0.966,0.378,-1.47,0.084,4.536,6.384,0.756,2.142,1.05,3.486,-2.268,-0.042,1
Positive_219,6.778,3.228,4.196,4.519,2.582,5.487,5.809,7.423,2.582,5.487,10.974,5.487,3.228,4.519,5.809,6.455,2.905,1.937,2.905,6.455,3.457,5.185,-7.704,-7.16,1.877,-0.494,1.926,2.568,3.358,3.012,-1.235,-3.556,1
Positive_220,9.365,6.321,2.81,4.449,1.404,8.896,2.107,9.599,3.512,5.384,12.642,7.023,2.81,2.576,5.619,2.81,7.023,0.468,2.341,8.662,0.212,2.751,-4.815,0.159,-1.746,3.598,1.111,-0.952,-1.27,-3.386,-2.963,1.481,1
Positive_221,6.709,5.032,2.981,4.845,3.541,7.082,7.268,5.032,2.609,5.964,7.454,5.964,2.236,4.473,4.845,8.945,4.845,0.559,2.981,4.1,1.218,1.121,-1.218,-3.46,3.509,1.949,0.0,-0.877,3.168,2.047,-2.242,-2.68,1
Positive_222,6.682,5.584,4.486,5.126,2.746,5.676,4.302,7.14,1.465,5.95,6.316,4.486,3.295,3.661,4.668,7.323,6.224,1.282,3.57,6.591,-0.869,-0.386,-2.994,-3.283,-0.338,-0.483,3.525,2.173,2.269,1.062,1.159,1.593,1
Positive_223,8.096,7.287,2.834,9.31,2.429,5.667,4.048,5.263,3.238,4.048,11.334,4.858,1.214,5.263,6.881,8.501,2.024,0.809,2.429,10.12,0.106,3.328,-7.079,-4.649,3.751,4.807,1.426,0.317,-9.192,-7.607,5.018,4.12,1
