seq_name,PAAC1,PAAC2,PAAC3,PAAC4,PAAC5,PAAC6,PAAC7,PAAC8,PAAC9,PAAC10,PAAC11,PAAC12,PAAC13,PAAC14,PAAC15,PAAC16,PAAC17,PAAC18,PAAC19,PAAC20,PAAC21,PAAC22,PAAC23,PAAC24,PAAC25,PAAC26,druggable
Negative_0,1.712,0.718,0.497,0.221,0.0,0.884,3.59,2.044,0.276,1.27,0.829,0.497,0.663,0.11,1.105,0.994,1.491,0.0,0.276,1.989,13.158,12.429,13.809,14.183,13.781,13.474,0
Negative_1,1.012,0.578,0.964,0.482,0.385,0.434,0.675,0.964,0.241,0.626,0.771,1.542,0.337,1.012,1.976,1.928,0.867,0.096,0.626,0.578,12.772,14.896,14.349,14.55,14.582,12.756,0
Negative_2,1.098,0.604,0.165,0.823,1.646,1.043,0.933,0.768,0.329,0.659,1.646,1.043,0.494,0.659,1.098,0.604,0.988,0.274,0.384,0.768,13.452,13.324,15.327,14.286,13.621,13.965,0
Negative_3,1.143,1.023,0.15,0.782,0.271,1.083,0.752,1.113,0.421,0.331,1.744,0.541,0.09,0.481,0.963,1.173,0.331,0.12,0.391,1.053,13.977,14.528,13.328,14.437,15.051,14.723,0
Negative_4,1.582,1.09,0.257,0.47,0.513,0.834,0.727,0.962,0.299,0.342,1.218,0.812,0.214,0.427,1.112,1.282,0.748,0.15,0.47,0.919,14.002,14.724,14.406,13.202,14.313,14.926,0
Negative_5,0.552,0.872,0.378,0.901,0.291,0.988,0.756,0.697,0.436,0.668,1.976,1.104,0.436,0.465,0.465,1.133,0.349,0.087,0.494,0.901,13.926,14.045,14.135,14.114,14.868,14.965,0
Negative_6,1.0,0.742,0.323,0.775,0.129,0.742,0.646,1.162,0.387,0.71,1.452,0.871,0.387,0.742,0.807,0.871,0.71,0.194,0.452,1.13,14.447,14.867,13.935,13.921,14.882,13.714,0
Negative_7,0.572,0.858,0.619,0.858,0.762,0.81,0.715,0.572,0.333,0.762,1.143,0.905,0.238,0.619,0.715,1.143,0.81,0.381,0.238,1.239,13.542,15.278,13.234,13.927,15.221,14.506,0
Negative_8,1.198,1.144,0.49,1.089,0.163,1.18,0.962,0.98,0.218,0.49,0.944,0.962,0.309,0.381,0.69,1.452,0.672,0.127,0.762,0.581,13.596,14.439,13.929,14.89,14.476,13.877,0
Negative_9,0.859,0.859,0.396,0.892,0.33,1.024,0.661,1.123,0.33,0.826,1.288,1.057,0.429,0.462,0.925,0.793,0.628,0.099,0.495,0.826,14.195,14.652,13.601,14.667,14.767,13.816,0
Negative_10,1.325,1.013,0.331,0.682,0.39,1.305,0.857,1.247,0.429,0.331,1.753,0.76,0.195,0.409,1.227,1.675,0.74,0.039,0.195,0.896,13.746,14.173,13.636,14.52,13.802,14.323,0
Negative_11,0.396,1.018,0.566,0.396,0.849,0.679,0.339,0.849,0.849,1.414,1.584,0.509,0.509,1.131,0.905,0.509,0.622,0.453,0.566,0.849,13.808,14.07,13.876,14.633,15.127,13.493,0
Negative_12,0.579,0.909,0.455,0.579,0.496,1.116,0.496,0.661,0.289,0.537,1.571,1.075,0.372,0.496,1.199,1.653,0.455,0.331,0.372,0.992,14.085,14.897,14.173,14.078,13.895,14.239,0
Negative_13,1.08,0.81,0.574,0.911,1.08,1.181,0.81,1.08,0.169,0.405,3.104,0.54,0.101,0.135,0.472,1.518,0.439,0.203,0.101,0.844,15.08,14.295,13.268,13.766,13.369,14.668,0
Negative_14,1.271,0.635,0.484,0.908,0.212,2.36,0.938,1.634,0.454,0.514,2.209,0.424,0.333,0.333,1.513,1.815,0.938,0.212,0.182,0.938,13.172,13.968,12.906,13.831,13.675,14.142,0
Negative_15,1.459,0.608,0.638,1.094,0.395,1.581,0.517,1.855,0.365,0.426,1.672,0.517,0.213,0.547,1.672,1.368,1.003,0.213,0.304,0.76,14.06,13.81,13.681,14.395,13.948,12.898,0
Negative_16,1.778,1.55,0.205,0.73,0.274,1.482,0.775,1.072,0.342,0.16,1.733,0.228,0.137,0.205,0.73,0.752,0.616,0.114,0.137,0.616,14.936,14.534,13.368,13.702,14.48,15.345,0
Negative_17,1.197,1.05,0.213,0.574,0.049,0.705,0.623,1.542,0.459,0.18,1.854,0.328,0.131,0.574,1.148,0.886,0.574,0.41,0.344,0.886,14.539,14.271,14.566,13.688,14.71,14.498,0
Negative_18,1.204,1.174,0.206,0.617,0.352,1.204,1.174,1.292,0.44,0.176,2.055,0.793,0.147,0.382,1.409,1.321,0.44,0.147,0.206,0.499,14.432,14.447,14.028,14.302,13.525,14.028,0
Negative_19,1.004,1.265,0.297,0.521,0.297,0.893,0.818,0.781,0.335,0.26,2.157,0.372,0.223,0.781,1.302,1.265,0.93,0.223,0.149,1.376,14.227,15.241,14.09,14.303,12.992,13.899,0
Negative_20,1.116,1.087,0.176,0.852,0.118,1.204,0.705,1.263,0.323,0.47,2.174,0.441,0.118,0.441,1.263,1.645,1.146,0.235,0.235,0.999,14.584,13.68,13.496,13.832,14.72,13.68,0
Negative_21,0.52,0.936,0.312,0.416,0.624,0.936,0.312,1.144,0.208,0.52,2.08,1.144,0.312,0.624,1.144,1.56,0.936,0.208,0.208,0.312,13.487,14.925,14.368,14.115,13.927,14.722,0
Negative_22,1.156,1.028,0.385,0.514,0.642,1.028,0.514,1.285,0.642,0.642,1.285,0.771,0.257,0.257,1.413,0.899,0.642,0.128,0.899,0.771,11.968,14.499,15.219,13.756,13.37,16.03,0
Negative_23,0.786,0.662,0.704,1.035,0.331,0.828,0.786,1.076,0.869,0.786,1.324,0.331,0.207,0.621,0.786,1.697,1.159,0.414,0.207,1.117,13.933,13.752,13.398,14.9,13.65,14.641,0
Negative_24,1.132,1.302,0.906,0.679,0.736,0.736,0.396,0.962,0.113,0.226,1.471,0.453,0.34,0.566,0.453,1.302,0.566,0.226,0.566,1.132,12.487,14.619,13.87,14.262,15.104,15.396,0
Negative_25,1.682,1.041,0.28,0.691,0.3,0.731,0.631,1.622,0.31,0.14,1.402,0.731,0.18,0.541,2.233,1.752,0.701,0.09,0.37,0.621,13.989,13.652,13.636,13.965,14.173,14.535,0
Negative_26,2.93,0.163,0.488,0.488,0.488,0.977,0.325,3.581,0.163,0.651,2.605,0.977,0.651,0.814,0.325,2.442,0.814,0.325,0.488,1.465,12.306,13.332,12.337,14.274,12.369,14.221,0
Negative_27,1.466,1.639,0.086,0.345,0.518,0.776,0.431,0.949,0.863,0.086,1.208,0.518,0.173,0.431,2.847,1.294,0.518,0.0,0.259,0.431,15.289,14.258,13.205,14.622,14.451,13.338,0
Negative_28,1.271,0.924,0.52,0.635,0.52,1.098,0.809,1.271,0.058,0.289,2.831,0.231,0.058,0.289,1.098,1.502,0.52,0.347,0.231,0.462,14.693,15.351,12.8,14.468,14.027,13.698,0
Negative_29,1.155,1.034,0.274,0.76,0.304,0.395,0.578,1.368,0.517,0.456,1.429,0.882,0.213,0.304,1.672,1.125,1.034,0.274,0.334,1.216,14.181,13.1,14.901,13.713,15.314,13.468,0
Negative_30,1.731,0.999,0.1,0.633,0.433,0.566,0.733,0.866,0.533,0.799,2.564,0.233,0.4,1.132,1.132,1.066,0.999,0.166,0.333,1.365,13.527,14.299,13.846,13.376,13.795,14.374,0
Negative_31,0.897,0.769,0.726,0.897,0.299,1.025,1.111,0.812,0.513,0.427,1.324,1.153,0.214,0.513,0.94,1.495,1.153,0.384,0.128,0.47,12.596,13.534,14.51,14.556,14.617,14.937,0
Negative_32,0.818,1.146,0.409,0.491,0.164,1.227,0.655,1.227,0.327,0.655,0.736,0.818,0.327,0.573,0.573,1.882,0.491,0.245,0.245,0.327,14.945,14.111,13.805,14.632,14.205,14.965,0
Negative_33,0.724,1.278,0.043,0.554,0.469,0.767,0.469,0.767,0.426,0.469,2.641,0.426,0.554,0.17,0.852,1.022,0.724,0.341,0.256,0.937,15.276,14.79,13.568,14.817,13.477,14.186,0
Negative_34,1.421,1.053,0.579,0.737,0.053,1.316,0.842,0.684,0.369,0.632,1.263,0.79,0.421,0.421,1.263,1.579,1.527,0.0,0.474,0.895,12.901,15.414,14.051,13.121,13.545,14.647,0
Negative_35,2.156,1.058,0.196,0.549,0.274,0.902,0.588,1.333,0.353,0.941,1.098,0.353,0.314,0.706,1.764,1.215,0.784,0.157,0.47,0.98,13.558,14.554,13.785,13.259,14.546,14.109,0
Negative_36,0.868,0.734,0.534,0.601,0.734,1.135,0.801,0.668,0.2,0.401,1.469,1.869,0.267,0.601,0.534,1.402,1.402,0.2,0.134,1.068,14.302,14.006,14.482,13.709,14.045,13.834,0
Negative_37,1.309,0.964,0.276,0.344,0.689,0.964,1.309,1.378,0.344,0.069,1.309,0.964,0.344,0.551,1.446,0.895,1.102,0.344,0.207,0.551,14.667,14.429,13.807,12.502,15.535,13.7,0
Negative_38,0.889,0.967,0.549,0.994,0.392,0.575,0.471,0.941,0.392,0.497,1.49,0.627,0.288,0.627,1.177,1.909,0.601,0.314,0.288,0.811,14.244,14.489,13.83,13.882,14.4,14.355,0
Negative_39,1.658,0.76,0.173,0.691,0.346,0.864,1.14,1.278,0.276,0.587,2.038,0.346,0.311,0.449,0.829,1.52,1.313,0.276,0.276,1.036,13.549,13.339,14.778,13.961,14.632,13.573,0
Negative_40,1.195,1.195,0.377,0.566,1.321,1.006,0.755,0.755,0.818,0.44,1.384,0.503,0.314,0.503,1.761,1.321,0.943,0.314,0.314,0.566,13.098,13.973,13.613,14.602,14.684,13.678,0
Negative_41,1.269,1.327,0.289,0.635,0.173,0.635,0.635,1.731,0.346,0.577,1.558,0.173,0.231,0.519,2.828,1.327,0.75,0.346,0.173,0.75,13.93,13.108,14.418,14.199,13.881,14.19,0
Negative_42,0.733,0.667,0.966,0.9,0.5,0.733,0.766,0.867,0.6,0.333,2.633,0.733,0.333,0.566,0.933,1.5,0.867,0.233,0.467,1.1,14.154,14.368,13.004,14.45,13.489,14.105,0
Negative_43,0.743,0.991,0.248,0.743,0.31,0.991,0.867,0.681,0.496,0.31,1.858,1.672,0.372,0.434,0.991,1.363,0.619,0.248,0.31,0.372,14.764,15.985,12.644,13.748,14.165,14.077,0
Negative_44,0.818,0.836,0.54,0.714,0.4,0.853,0.714,1.236,0.487,0.731,1.288,0.54,0.435,0.592,1.323,1.811,1.132,0.191,0.331,1.184,13.589,14.421,13.855,14.356,13.702,13.92,0
Negative_45,1.666,0.614,0.723,0.395,0.307,0.899,1.228,0.943,0.153,0.921,1.973,1.359,0.285,0.263,1.557,1.798,1.929,0.0,0.11,1.776,12.841,13.531,13.191,13.748,14.126,13.663,0
Negative_46,0.769,0.854,0.683,0.342,0.085,1.11,0.256,0.769,0.512,1.025,1.537,0.598,0.512,0.085,0.769,1.537,1.11,0.427,0.342,1.366,14.609,14.212,14.895,13.72,13.595,14.278,0
Negative_47,1.234,1.471,0.142,0.759,0.925,0.83,0.783,1.162,0.19,0.214,0.973,0.973,0.119,0.38,1.518,0.854,0.759,0.19,0.19,0.688,12.552,13.844,14.949,14.834,14.612,14.856,0
Negative_48,0.717,0.789,0.896,0.502,0.538,1.04,0.717,0.86,0.538,0.681,1.327,0.681,0.359,0.538,1.291,1.183,0.825,0.323,0.466,0.968,14.263,14.903,13.775,13.928,14.118,13.775,0
Negative_49,1.475,1.229,0.737,0.246,0.492,0.737,0.737,0.737,0.0,0.246,1.72,1.475,0.246,0.737,0.983,0.737,0.492,0.0,0.0,0.246,15.129,14.565,15.375,10.975,16.291,14.393,0
Negative_50,0.875,0.625,0.5,0.125,0.375,2.25,0.375,1.625,0.0,1.125,1.0,0.5,0.125,0.5,1.25,1.0,0.625,0.0,0.5,1.0,14.241,14.14,13.45,14.241,15.527,14.025,0
Negative_51,1.674,0.67,0.0,0.586,0.586,1.172,0.419,1.339,0.167,0.335,1.925,0.251,0.251,0.251,2.176,2.093,1.339,0.419,0.67,1.256,13.501,14.037,12.982,14.424,14.31,13.167,0
Negative_52,0.839,1.259,0.197,0.592,0.568,0.716,0.543,1.407,0.321,0.247,1.407,0.592,0.173,0.42,1.432,1.481,0.42,0.271,0.346,0.765,13.778,14.408,14.24,15.205,14.065,14.31,0
Negative_53,1.615,1.13,0.092,0.438,0.254,0.876,0.531,1.684,0.323,0.254,1.499,0.254,0.208,0.161,1.038,0.876,0.761,0.231,0.484,1.43,14.316,13.63,14.691,14.486,13.404,15.334,0
Negative_54,1.006,1.271,0.318,0.715,0.689,1.324,0.45,1.51,1.059,0.265,0.98,0.662,0.318,0.583,0.874,1.165,0.53,0.079,0.159,0.477,13.85,14.29,13.611,15.437,14.846,13.532,0
Negative_55,1.624,1.15,0.135,0.744,0.406,1.015,0.338,1.353,0.0,0.135,1.556,0.473,0.068,0.609,1.759,0.947,0.676,0.135,0.135,0.541,13.096,13.751,15.104,15.173,15.256,13.82,0
Negative_56,1.133,0.777,0.421,0.777,0.421,0.907,0.68,1.101,0.712,0.421,1.781,0.583,0.356,0.421,0.777,1.133,0.874,0.518,0.227,0.615,14.155,13.533,13.796,14.397,14.272,15.209,0
Negative_57,1.329,1.072,0.3,0.986,1.972,0.6,0.686,1.887,0.557,0.257,1.458,0.257,0.214,0.429,1.587,0.643,0.729,0.171,0.214,1.072,13.713,14.822,13.721,13.253,13.836,14.231,0
Negative_58,1.704,1.465,0.204,0.647,0.204,1.193,0.443,1.397,0.273,0.238,1.158,0.341,0.136,0.443,2.112,1.635,0.613,0.068,0.034,0.511,13.902,14.518,13.354,14.14,14.621,14.644,0
Negative_59,0.853,0.984,0.59,0.59,0.459,1.18,0.59,0.918,0.59,0.918,0.853,1.049,0.328,0.59,1.18,1.902,1.18,0.066,0.459,0.656,14.286,14.278,13.975,13.465,14.74,13.322,0
Negative_60,0.972,0.769,0.688,0.749,0.506,1.053,0.627,0.749,0.364,0.668,2.267,0.891,0.405,0.385,0.911,1.316,0.87,0.182,0.385,0.891,14.074,14.591,13.316,13.754,13.996,14.622,0
Negative_61,1.14,0.507,0.38,0.697,0.57,1.204,0.443,0.507,0.887,0.697,1.647,1.204,0.634,0.76,0.697,1.33,1.267,0.19,0.253,0.824,14.192,13.226,14.311,13.764,14.889,13.78,0
Negative_62,1.15,0.987,0.606,0.808,0.264,0.964,0.855,0.925,0.326,0.583,1.578,0.956,0.334,0.552,0.878,1.687,0.824,0.124,0.287,0.793,13.747,14.452,13.716,13.592,14.831,14.181,0
Negative_63,1.325,1.154,0.454,0.681,0.53,1.344,0.549,0.871,0.303,0.416,1.93,0.568,0.341,0.416,1.079,0.946,0.397,0.076,0.227,0.662,13.642,14.412,14.59,14.412,14.155,14.519,0
Negative_64,1.862,1.02,0.532,0.355,0.133,1.33,1.02,1.862,0.177,0.355,0.798,0.887,0.355,0.266,2.483,1.33,0.665,0.222,0.177,1.02,12.815,14.062,13.43,13.767,14.306,14.77,0
Negative_65,1.75,1.879,0.128,0.384,0.085,0.897,0.384,1.238,0.256,0.299,0.897,0.085,0.043,0.47,1.323,0.64,0.256,0.171,0.256,0.47,15.449,14.365,14.353,14.686,14.466,14.77,0
Negative_66,1.708,1.335,0.32,0.641,0.213,1.602,0.747,0.801,0.374,0.107,0.641,0.961,0.267,0.107,1.335,1.388,0.534,0.32,0.427,0.587,14.068,14.105,13.485,14.501,13.823,15.604,0
Negative_67,6.167,0.121,0.363,0.363,0.181,3.205,0.544,2.056,0.06,0.0,0.121,1.693,0.06,0.363,2.116,1.935,0.363,0.0,0.0,0.363,12.536,12.707,13.61,13.781,13.51,13.781,0
Negative_68,2.007,1.004,0.182,0.274,0.547,0.182,0.821,1.369,0.547,0.274,2.737,0.365,0.365,0.639,1.186,0.639,0.456,0.274,0.73,1.186,12.936,14.767,14.057,13.907,13.773,14.775,0
Negative_69,1.037,0.998,0.576,0.576,0.691,1.498,0.499,0.845,0.154,0.154,2.15,0.614,0.346,0.691,1.114,1.421,0.768,0.154,0.422,1.075,13.786,14.544,14.37,14.244,13.526,13.747,0
Negative_70,0.716,1.023,0.409,0.409,0.409,1.433,1.126,0.921,0.102,0.921,1.33,0.819,0.307,0.512,0.512,0.716,0.921,0.0,0.819,0.614,14.684,15.406,13.787,12.343,15.497,14.264,0
Negative_71,1.636,1.262,0.374,0.514,0.608,0.327,0.421,0.654,0.514,0.514,2.664,0.514,0.374,0.795,0.514,1.309,0.888,0.234,0.374,1.262,13.445,14.69,14.162,12.595,14.186,15.17,0
Negative_72,1.035,1.072,0.327,0.617,0.436,1.162,0.617,1.126,0.309,0.472,1.289,0.69,0.109,0.454,0.926,0.999,0.636,0.381,0.272,0.817,13.927,14.367,14.718,14.374,14.298,14.567,0
Negative_73,1.251,0.761,0.435,0.761,0.109,0.653,0.979,1.632,0.109,0.598,0.816,0.761,0.163,0.653,1.36,0.979,0.816,0.326,0.272,0.87,15.09,13.123,14.017,13.91,14.682,14.875,0
Negative_74,0.998,0.699,1.198,0.599,0.15,0.599,0.599,2.695,0.349,0.349,1.048,0.349,1.198,0.499,2.894,1.796,0.549,0.25,0.599,0.599,12.899,13.367,14.268,12.881,14.277,14.295,0
Negative_75,1.345,0.637,0.637,0.567,0.708,0.213,0.283,0.921,0.425,0.991,2.407,0.567,0.496,0.991,0.85,1.77,1.062,0.425,0.779,1.204,13.727,13.597,13.528,13.813,13.753,14.305,0
Negative_76,1.308,0.714,0.238,0.416,0.357,0.832,0.595,2.022,0.416,1.011,0.654,1.308,0.178,0.535,1.189,1.605,1.13,0.178,0.654,0.654,13.148,14.004,14.891,14.131,13.324,14.507,0
Negative_77,1.778,1.054,0.461,0.395,0.527,0.329,0.79,1.383,0.461,0.395,1.58,0.922,0.527,0.461,1.251,1.844,1.119,0.263,0.132,1.119,14.726,12.963,14.189,13.064,14.676,13.592,0
Negative_78,0.648,0.54,0.216,1.297,1.621,0.54,0.757,0.864,1.189,0.648,0.648,2.053,0.324,0.864,1.297,0.54,0.432,0.0,0.216,0.973,13.428,14.886,14.008,12.896,13.898,15.215,0
Negative_79,1.27,0.87,0.487,0.47,0.157,0.574,0.713,1.218,0.435,0.679,1.392,0.731,0.348,0.766,2.384,2.697,1.653,0.244,0.139,0.783,13.552,14.057,13.895,13.03,13.859,13.597,0
Negative_80,0.746,0.724,0.527,1.01,0.373,1.537,0.768,1.076,0.307,0.439,1.756,0.659,0.132,0.571,1.295,1.888,0.681,0.285,0.351,0.527,14.143,14.088,14.291,13.83,14.307,13.689,0
Negative_81,1.349,0.57,0.45,0.405,0.105,1.004,1.949,0.765,0.345,1.184,1.229,1.199,0.45,0.18,1.784,2.563,2.264,0.045,0.225,1.754,12.753,13.674,13.387,13.02,13.317,14.031,0
Negative_82,1.225,0.765,0.459,1.225,0.0,2.602,1.684,1.378,0.0,0.765,1.071,0.459,0.459,0.459,1.684,1.225,0.612,0.0,0.0,0.918,14.816,13.516,12.582,15.147,13.227,13.72,0
Negative_83,1.073,1.245,0.129,0.515,0.515,1.202,0.472,0.987,0.215,0.429,1.416,0.386,0.215,0.515,0.987,0.858,0.429,0.3,0.215,0.858,14.011,15.022,14.626,14.523,14.296,14.562,0
Negative_84,1.112,1.297,0.423,0.582,0.238,0.9,0.794,0.662,0.423,0.265,1.588,0.953,0.371,0.079,0.847,0.529,0.794,0.238,0.238,0.873,15.241,14.271,14.125,14.119,14.125,14.911,0
Negative_85,0.996,1.079,0.207,0.539,0.498,1.079,1.327,1.161,0.207,0.083,1.12,0.913,0.083,0.29,1.12,1.618,0.622,0.373,0.083,0.83,14.634,14.449,13.98,14.172,13.902,14.634,0
Negative_86,2.062,0.832,0.326,0.398,0.543,0.47,0.398,1.374,0.506,0.651,2.677,0.289,0.434,0.76,1.049,1.194,0.904,0.398,0.723,1.374,13.568,14.253,13.472,13.047,14.132,14.167,0
Negative_87,1.763,1.247,0.086,0.559,0.43,1.075,0.344,1.462,0.516,0.086,1.677,0.086,0.215,0.559,0.989,0.774,0.688,0.129,0.129,1.075,14.629,14.58,14.296,13.851,14.247,14.511,0
Negative_88,0.868,1.199,0.281,0.817,0.383,1.097,0.791,0.893,0.536,0.179,1.71,0.97,0.332,0.485,1.327,2.143,0.715,0.076,0.204,0.638,13.835,14.649,13.687,13.656,14.578,13.953,0
Negative_89,1.313,0.511,1.204,0.438,0.146,0.729,0.839,4.012,0.365,0.365,0.839,0.62,0.109,0.511,0.948,2.444,0.62,0.401,0.292,0.657,14.625,14.738,12.82,11.987,14.521,13.948,0
Negative_90,1.465,1.061,0.255,0.573,0.297,0.807,0.488,1.592,0.34,0.255,1.677,0.234,0.106,0.552,1.486,1.231,0.976,0.234,0.276,1.125,14.248,12.948,14.594,14.782,14.654,13.745,0
Negative_91,0.596,0.968,0.596,0.819,0.67,1.414,1.042,0.223,0.521,0.447,1.414,1.638,0.223,0.67,1.489,0.744,0.67,0.074,0.447,1.191,12.827,14.444,13.873,14.42,14.167,14.413,0
Negative_92,1.138,1.355,0.352,0.732,0.271,0.895,0.732,1.247,0.379,0.136,2.087,0.325,0.081,0.081,1.843,1.328,0.461,0.244,0.19,0.813,15.309,14.692,13.142,14.604,13.737,13.825,0
Negative_93,1.318,0.781,0.391,0.683,0.635,0.537,0.488,0.732,0.586,0.391,2.343,0.391,0.342,0.976,0.586,1.123,0.586,0.586,0.586,1.562,13.177,13.544,13.965,15.598,14.481,13.614,0
Negative_94,1.132,1.104,0.193,0.635,0.221,0.828,0.552,1.242,0.304,0.414,1.408,0.497,0.193,0.414,1.187,0.745,0.745,0.304,0.221,1.215,14.943,14.828,13.005,14.76,14.381,14.53,0
Negative_95,1.853,1.059,0.397,0.529,0.265,0.662,0.132,2.118,0.529,1.456,1.985,0.662,0.265,0.529,0.794,1.588,0.662,0.0,0.132,0.794,15.723,14.09,13.351,12.063,14.024,14.336,0
Negative_96,1.271,0.978,0.196,0.342,0.489,0.587,1.075,1.466,0.391,0.342,3.813,0.147,0.196,0.538,0.88,1.466,0.733,0.293,0.342,1.222,13.531,14.085,13.053,13.162,14.621,14.78,0
Negative_97,1.861,0.62,0.207,0.414,0.207,0.414,0.982,1.809,0.465,0.672,1.913,0.569,0.672,0.672,0.569,0.775,0.982,0.207,0.724,0.775,13.919,14.237,13.795,13.097,14.625,14.819,0
Negative_98,1.38,1.336,0.445,0.846,0.445,1.202,0.579,1.158,0.534,0.178,1.915,0.757,0.356,0.356,1.469,0.891,0.846,0.223,0.134,0.49,14.024,13.154,14.008,14.474,14.086,14.715,0
Negative_99,0.807,0.672,0.538,0.336,0.672,0.807,0.471,0.403,0.336,1.344,2.756,1.008,1.008,0.874,0.941,1.882,0.739,0.067,0.874,1.076,14.803,13.649,12.469,13.887,14.292,13.288,0
Negative_100,1.343,1.141,0.336,0.671,0.269,1.074,0.537,1.141,0.47,0.269,1.141,0.738,0.336,0.201,0.873,1.208,0.604,0.067,0.604,1.074,12.456,14.867,13.443,13.21,16.403,15.522,0
Negative_101,1.464,0.518,0.901,0.923,0.428,1.036,1.148,0.991,0.405,0.788,1.599,0.765,0.405,0.72,1.396,2.297,1.599,0.09,0.18,0.878,14.018,13.703,13.889,13.166,13.222,13.472,0
Negative_102,1.166,0.7,0.583,0.661,0.466,1.089,0.7,0.894,0.272,0.661,1.438,1.361,0.117,0.311,1.322,1.399,0.855,0.272,0.272,0.816,13.866,13.359,14.679,14.257,14.296,14.188,0
Negative_103,0.865,1.177,0.257,0.607,0.386,0.957,0.681,1.14,0.386,0.386,1.453,0.257,0.202,0.681,0.901,0.865,0.607,0.349,0.386,1.122,13.94,14.603,14.118,14.33,14.705,14.637,0
Negative_104,1.688,1.032,0.219,0.688,0.406,0.844,0.719,1.407,0.469,0.375,1.97,0.406,0.156,0.469,1.719,2.251,0.719,0.125,0.156,0.594,13.919,14.05,14.066,14.066,13.96,13.525,0
Negative_105,1.721,0.782,1.095,1.095,0.469,0.782,0.156,0.782,0.156,1.721,1.252,0.626,0.469,0.626,1.095,1.565,0.626,0.313,0.782,0.939,14.104,15.827,12.39,12.203,14.744,13.678,0
Negative_106,2.945,0.874,0.225,0.599,0.225,1.198,0.399,1.997,0.125,0.05,2.271,0.349,0.125,0.225,1.548,0.699,0.574,0.275,0.05,0.799,13.87,13.295,14.306,14.469,14.422,14.088,0
Negative_107,1.49,1.351,0.07,0.349,0.838,1.164,0.373,1.188,0.861,0.047,0.885,0.861,0.21,0.559,1.327,1.188,0.629,0.047,0.279,0.699,14.442,15.091,13.534,13.779,15.494,13.246,0
Negative_108,1.172,1.264,0.469,0.594,0.678,1.331,0.754,1.473,0.963,0.218,1.172,0.536,0.176,0.327,1.181,1.373,0.82,0.117,0.26,0.46,13.926,14.317,13.589,13.788,14.908,14.133,0
Negative_109,1.049,0.849,0.478,0.849,0.37,0.849,0.802,1.173,0.463,0.432,1.574,0.88,0.278,0.586,1.311,1.281,0.54,0.17,0.463,0.895,13.976,13.815,13.876,14.549,14.618,13.876,0
Negative_110,1.911,1.355,0.174,0.625,0.382,0.695,0.834,1.251,0.417,0.313,1.494,0.521,0.313,0.313,1.633,2.12,0.938,0.069,0.104,0.799,13.847,13.448,13.741,13.692,14.546,14.465,0
Negative_111,1.817,1.774,0.086,0.649,0.13,1.73,0.519,0.952,0.13,0.043,0.952,0.952,0.13,0.086,2.076,1.038,0.433,0.26,0.0,0.562,14.741,13.86,14.598,14.562,14.44,13.481,0
Negative_112,1.799,1.538,0.104,0.521,0.261,1.043,0.86,0.547,0.287,0.365,1.434,0.6,0.339,0.313,1.538,1.043,0.73,0.052,0.182,0.678,14.519,14.689,14.127,13.622,14.803,14.006,0
Negative_113,0.771,0.89,0.771,0.791,0.514,0.949,0.593,0.85,0.396,0.673,1.503,1.266,0.257,0.356,0.989,1.741,0.633,0.198,0.336,0.89,13.77,14.346,13.97,14.215,14.123,14.208,0
Negative_114,1.357,1.131,0.339,0.679,0.226,1.471,0.792,0.679,0.679,0.453,0.566,1.584,0.226,0.113,1.244,1.923,0.905,0.113,0.339,0.905,12.398,14.788,13.145,13.601,15.362,14.984,0
Negative_115,0.848,0.982,0.446,0.758,0.491,1.829,0.357,0.937,0.535,0.446,0.892,1.695,0.178,0.178,1.205,2.142,0.937,0.312,0.223,0.848,14.608,13.829,14.162,13.398,13.902,13.861,0
Negative_116,2.041,1.579,0.193,0.231,0.347,0.693,0.616,1.079,0.193,0.116,1.772,0.385,0.27,0.231,1.964,1.387,0.809,0.385,0.193,0.655,13.427,13.283,13.495,14.797,14.888,14.971,0
Negative_117,1.073,0.843,0.383,0.919,0.077,1.456,0.766,0.919,0.383,0.613,2.222,0.307,0.23,0.46,1.686,1.226,0.46,0.307,0.153,0.536,13.225,14.449,14.817,14.006,13.803,14.682,0
Negative_118,2.182,1.125,0.205,0.818,0.068,0.852,1.023,0.716,0.205,0.273,1.636,0.511,0.068,0.375,2.148,2.421,0.818,0.341,0.102,0.477,13.787,13.721,12.887,14.425,14.228,14.588,0
Negative_119,1.442,1.009,0.216,0.685,0.505,0.757,1.153,0.973,0.469,0.288,2.126,0.541,0.288,0.252,1.622,1.261,0.901,0.324,0.252,1.225,13.627,13.953,13.676,13.928,14.482,14.043,0
Negative_120,1.518,1.062,0.493,0.588,0.285,0.873,1.024,1.271,0.436,0.247,0.986,0.816,0.36,0.417,1.195,1.499,0.759,0.19,0.664,0.493,14.591,13.59,13.795,14.129,14.341,14.379,0
Negative_121,1.178,0.368,0.368,0.221,1.03,0.589,0.883,1.472,0.736,0.662,3.092,0.221,0.074,1.104,1.104,2.503,0.736,0.662,0.368,1.619,13.873,14.358,12.99,13.161,14.016,12.61,0
Negative_122,1.831,1.363,0.195,0.39,0.351,0.39,0.545,2.22,0.467,0.428,1.09,0.312,0.156,0.078,2.415,1.129,1.246,0.312,0.078,0.662,14.028,13.825,14.013,14.428,13.496,14.553,0
Negative_123,1.579,1.273,0.204,0.662,0.543,1.086,0.832,1.205,0.458,0.255,1.205,0.747,0.085,0.56,1.613,1.205,0.73,0.068,0.374,0.662,13.757,14.456,13.834,14.172,15.192,13.243,0
Negative_124,1.176,0.705,0.94,0.94,0.564,0.611,0.752,1.176,0.517,1.081,0.94,0.376,0.329,0.329,0.658,1.317,1.081,0.423,0.47,0.94,13.933,13.404,14.431,15.106,13.895,13.903,0
Negative_125,2.108,0.835,0.125,0.501,0.501,1.628,0.751,1.273,0.814,0.605,1.169,0.793,0.23,0.376,0.939,1.044,1.169,0.0,0.167,1.336,13.919,14.369,13.616,14.156,14.197,13.379,0
Negative_126,1.317,1.07,0.288,0.988,0.206,1.564,0.617,1.194,0.288,0.247,1.235,0.7,0.288,0.288,2.182,1.317,0.7,0.206,0.0,0.988,15.071,12.789,13.628,14.255,14.044,14.53,0
Negative_127,0.933,0.844,0.222,0.844,0.489,0.311,0.578,1.244,0.489,0.4,1.333,0.622,0.267,0.444,0.533,1.689,0.933,0.533,0.133,1.111,14.568,14.365,13.172,15.342,14.77,13.828,0
Negative_128,0.954,0.879,0.555,0.697,0.284,1.048,0.872,0.825,0.44,0.67,1.63,0.791,0.237,0.582,1.163,1.792,1.075,0.155,0.284,0.981,13.87,14.14,13.894,13.742,14.53,13.909,0
Negative_129,0.168,1.257,0.335,0.251,0.084,0.419,1.006,2.766,0.419,0.084,0.251,0.335,0.251,0.754,2.43,2.095,0.754,0.168,0.838,0.335,14.514,14.311,14.634,13.741,13.719,14.079,0
Negative_130,0.878,2.156,0.16,0.16,0.559,0.798,1.198,0.479,0.16,0.319,0.239,1.437,0.08,0.399,2.715,1.836,0.239,0.16,0.239,0.399,15.006,14.728,13.822,13.26,17.402,11.17,0
Negative_131,0.768,0.768,0.576,0.961,0.192,0.576,0.576,0.768,0.192,0.576,1.345,0.768,0.192,0.768,0.768,3.65,0.576,0.384,0.384,1.345,12.652,14.129,14.137,15.654,13.758,13.532,0
Negative_132,1.425,0.947,0.226,0.669,0.182,1.286,1.355,1.32,0.469,0.443,1.372,0.651,0.243,0.321,1.659,1.355,0.982,0.139,0.104,0.86,14.224,14.224,14.232,13.496,14.056,13.76,0
Negative_133,2.144,0.799,0.109,0.363,0.509,0.472,0.582,1.381,0.4,0.69,2.217,0.472,0.363,1.054,1.454,1.563,1.236,0.218,0.582,1.708,13.059,13.132,13.571,13.013,14.176,14.734,0
Negative_134,1.658,0.553,0.276,0.46,0.553,1.013,0.737,1.473,0.46,1.013,2.026,0.737,0.829,0.368,1.381,1.289,0.737,0.0,0.645,1.934,13.306,13.188,14.485,13.342,13.551,13.986,0
Negative_135,1.586,0.827,0.489,0.523,0.084,0.945,1.366,1.704,0.557,0.472,1.046,0.742,0.371,0.371,2.8,1.974,0.86,0.051,0.456,0.911,13.573,13.782,13.129,13.591,13.737,14.054,0
Negative_136,1.994,1.385,0.166,0.277,0.0,1.717,0.941,1.274,0.277,0.055,1.717,0.443,0.166,0.111,1.44,0.997,0.554,0.0,0.0,0.941,13.767,15.119,13.991,15.285,13.948,13.435,0
Negative_137,2.371,0.431,0.431,0.431,1.078,0.646,0.646,0.0,0.431,0.431,3.017,1.724,0.431,0.646,0.862,1.509,0.431,0.431,0.216,1.724,14.918,12.843,16.108,13.273,12.137,12.834,0
Negative_138,1.084,1.703,0.465,0.619,0.31,1.807,1.187,1.136,0.413,0.052,1.032,0.516,0.31,0.258,0.981,1.29,0.723,0.207,0.207,0.465,14.328,13.088,14.04,13.715,14.778,15.288,0
Negative_139,1.461,1.315,0.365,0.438,0.219,0.876,0.365,1.022,0.511,0.584,1.168,1.022,0.438,0.219,1.242,1.607,1.022,0.073,0.365,0.803,13.516,14.861,14.884,13.486,13.773,14.362,0
Negative_140,1.793,0.359,0.861,0.717,0.143,1.362,0.502,1.147,0.645,0.932,1.578,0.359,0.287,0.359,2.295,3.514,3.083,0.287,0.43,1.578,13.338,13.115,13.127,12.804,12.148,13.238,0
Negative_141,1.651,1.601,0.25,0.55,0.3,0.8,0.45,1.451,0.1,0.15,0.9,0.45,0.05,0.25,1.701,1.351,0.45,0.2,0.2,0.7,12.864,14.715,14.41,14.925,14.952,14.579,0
Negative_142,1.522,1.021,0.443,0.462,0.308,0.944,0.79,1.426,0.366,0.655,1.56,0.405,0.116,0.347,1.483,1.214,0.982,0.173,0.27,1.194,14.192,13.384,14.231,14.239,14.011,14.262,0
Negative_143,0.982,1.178,0.471,0.982,0.157,1.492,0.628,2.199,0.078,0.236,1.1,0.707,0.157,0.275,0.982,1.178,0.353,0.157,0.157,0.746,14.793,14.474,13.748,14.267,15.028,13.471,0
Negative_144,1.049,1.028,0.968,0.666,0.464,0.625,0.887,0.988,0.202,0.484,1.492,0.827,0.464,0.343,0.565,1.855,0.827,0.121,0.605,0.605,13.535,14.898,14.574,13.889,14.182,13.859,0
Negative_145,1.39,0.596,0.596,0.596,0.715,0.834,0.993,1.112,1.152,0.238,2.343,1.271,0.318,0.834,1.827,1.509,1.191,0.04,0.318,0.516,13.552,14.149,13.873,13.294,13.083,13.662,0
Negative_146,2.032,0.642,0.321,0.107,0.535,0.535,0.428,1.711,0.321,0.642,1.925,0.428,0.642,1.176,1.176,1.604,0.855,0.535,0.321,1.069,12.378,14.257,14.282,13.619,14.325,14.138,0
Negative_147,1.696,1.367,0.377,0.424,0.188,0.66,0.707,0.942,0.565,0.141,1.508,0.188,0.188,0.66,0.942,1.178,0.754,0.094,0.377,1.319,14.192,14.677,13.678,14.163,14.734,14.278,0
Negative_148,0.868,0.694,0.868,0.868,0.347,1.215,0.694,0.694,0.868,0.521,1.215,0.868,0.694,0.521,0.694,0.868,0.868,0.347,0.868,0.347,15.031,12.665,14.635,13.695,15.464,13.583,0
Negative_149,0.406,1.128,0.632,0.316,1.038,1.308,0.722,0.993,1.083,0.496,0.632,1.85,0.135,0.406,0.361,1.263,1.083,0.0,0.541,0.541,14.316,15.578,13.248,15.189,15.458,11.276,0
Negative_150,0.747,0.939,0.537,0.958,0.345,0.862,1.188,0.709,0.479,0.671,1.859,0.652,0.422,0.441,1.859,1.725,0.958,0.134,0.23,0.996,13.686,14.071,13.812,13.636,13.845,14.238,0
Negative_151,0.653,0.653,0.653,0.307,0.999,1.459,0.346,1.075,1.152,0.538,0.768,1.383,0.23,0.768,0.499,1.075,1.114,0.038,0.73,0.538,15.411,15.501,13.135,14.438,14.984,11.555,0
Negative_152,1.541,1.541,0.193,0.77,0.385,1.156,0.578,0.963,0.193,0.385,0.77,0.578,0.193,0.385,0.963,0.77,0.963,0.0,0.193,0.385,13.576,14.776,15.254,15.183,14.228,14.079,0
Negative_153,1.179,1.405,0.176,0.753,0.301,1.154,0.452,1.179,0.226,0.401,1.204,0.627,0.075,0.376,2.007,1.455,0.627,0.176,0.176,0.853,14.802,13.877,13.462,13.854,14.454,14.75,0
Negative_154,1.183,0.645,0.538,0.538,0.43,0.753,1.075,0.968,0.86,0.538,2.581,0.753,0.323,0.43,1.828,2.151,0.968,0.43,0.753,0.753,13.52,13.242,13.88,14.0,13.677,13.187,0
Negative_155,1.27,1.743,0.089,0.266,1.063,0.679,0.502,1.123,1.063,0.118,0.975,0.591,0.03,0.591,0.768,1.123,0.768,0.0,0.148,0.443,14.173,14.44,14.26,15.328,15.548,12.898,0
Negative_156,2.068,0.908,0.555,0.403,0.202,1.362,1.211,1.11,0.403,0.807,1.412,0.807,0.403,0.151,1.261,0.757,1.11,0.101,0.151,1.312,12.981,14.037,13.748,13.666,14.524,14.548,0
Negative_157,3.028,0.757,0.964,0.482,0.344,0.895,0.895,0.207,0.826,0.619,1.376,0.964,0.207,0.619,5.231,3.235,4.267,0.0,0.207,0.826,11.689,12.506,12.896,11.754,12.584,12.623,0
Negative_158,1.234,0.74,0.0,0.0,0.247,0.247,0.74,2.715,0.0,0.74,1.234,0.247,0.247,0.987,7.651,0.494,0.494,0.494,0.74,0.247,14.886,13.901,13.385,13.599,12.225,12.507,0
Negative_159,1.307,1.422,0.576,0.538,0.038,0.538,0.538,1.384,0.384,0.384,1.076,0.769,0.192,0.269,4.497,1.614,0.692,0.0,0.269,0.423,13.664,14.661,13.469,14.239,13.867,13.19,0
Negative_160,1.206,0.804,0.402,0.804,0.402,2.011,0.603,0.603,0.201,0.402,1.206,1.005,0.201,0.402,0.603,1.408,1.206,0.402,0.201,0.603,13.71,14.165,12.851,16.022,13.402,15.171,0
Negative_161,0.707,0.649,0.589,0.531,0.707,0.354,0.354,0.472,0.707,1.179,2.771,0.766,0.589,1.415,0.707,1.887,1.474,0.0,0.825,1.533,12.551,13.981,13.517,13.553,13.99,14.191,0
Negative_162,1.495,0.801,0.534,0.587,0.587,0.16,0.374,0.961,0.641,0.908,2.723,0.16,0.587,1.068,0.908,1.228,0.854,0.214,0.748,1.442,13.237,13.508,14.043,13.661,14.018,14.553,0
Negative_163,1.356,1.023,0.23,0.576,0.307,1.1,0.652,1.023,0.422,0.524,1.599,0.614,0.294,0.473,1.65,1.586,0.691,0.217,0.333,0.704,13.799,13.838,13.63,14.137,14.645,14.576,0
Negative_164,1.448,1.124,0.305,0.743,0.286,0.857,0.457,1.181,0.171,0.515,1.982,0.572,0.171,0.419,1.162,1.01,0.61,0.095,0.095,1.143,13.81,14.621,13.939,14.226,14.528,14.528,0
Negative_165,0.861,0.973,0.112,0.562,0.337,1.422,1.235,0.973,0.487,0.449,1.871,0.562,0.299,0.449,1.048,1.31,0.749,0.187,0.262,1.085,13.276,14.129,14.677,13.756,14.144,14.784,0
Negative_166,0.562,1.125,0.281,0.562,0.281,0.914,1.195,0.562,0.633,0.633,1.547,1.125,0.141,0.492,2.039,2.25,1.125,0.141,0.281,0.844,12.175,13.271,14.869,14.066,14.091,14.794,0
Negative_167,1.853,1.765,0.221,0.838,0.176,0.529,0.706,1.059,0.176,0.221,1.632,0.265,0.088,0.265,2.912,0.927,0.75,0.132,0.088,0.441,12.804,13.616,14.632,13.947,15.256,14.699,0
Negative_168,0.988,0.76,0.76,1.293,0.304,1.141,0.988,0.76,0.38,0.38,1.521,0.684,0.304,0.76,0.76,2.205,0.532,0.152,0.38,0.532,13.71,14.879,13.78,13.858,13.094,15.09,0
Negative_169,0.915,0.774,0.563,0.985,0.563,0.633,0.563,0.492,0.563,0.774,2.11,0.915,0.563,0.422,0.915,1.266,0.633,0.281,0.352,0.985,13.135,13.334,14.12,14.952,13.647,15.547,0
Negative_170,1.331,0.918,0.22,0.53,0.582,0.995,0.892,1.693,0.53,0.22,1.667,0.517,0.142,0.349,1.771,1.073,0.672,0.388,0.142,0.737,13.671,14.424,14.055,13.986,14.424,14.071,0
Negative_171,0.868,0.868,0.781,0.347,0.607,0.521,0.694,1.041,0.434,0.694,1.389,0.781,0.521,0.347,0.434,1.649,0.26,0.607,0.781,0.087,13.418,14.385,13.946,14.83,15.66,14.049,0
Negative_172,1.229,0.992,0.189,0.851,0.425,0.945,0.756,0.662,0.095,0.614,1.748,0.709,0.331,0.473,0.803,0.992,0.756,0.236,0.331,0.851,13.841,14.044,13.89,13.974,15.464,14.799,0
Negative_173,0.55,0.747,0.511,0.629,0.314,0.904,0.864,0.825,0.707,0.786,1.886,0.629,0.275,0.747,1.061,2.161,1.061,0.275,0.472,1.022,14.274,13.913,13.42,13.781,13.65,14.537,0
Negative_174,1.698,0.949,0.25,0.699,0.449,0.849,0.999,1.598,0.299,0.15,1.498,0.549,0.299,0.649,3.195,1.248,0.399,0.05,0.449,0.799,13.626,13.694,13.694,13.822,14.36,13.728,0
Negative_175,1.211,1.284,0.11,0.55,0.33,1.174,1.064,1.027,0.587,0.294,1.358,0.66,0.257,0.404,1.688,1.247,0.66,0.294,0.037,0.734,14.355,13.704,13.951,14.198,14.924,13.899,0
Negative_176,1.229,0.922,0.154,0.922,2.151,0.615,0.922,1.229,0.615,0.615,1.69,0.154,0.615,0.461,1.076,1.076,1.383,0.307,0.615,0.461,14.662,14.094,13.767,11.994,13.836,14.438,0
Negative_177,1.303,1.179,0.683,0.745,0.186,1.179,0.683,1.241,0.558,0.186,0.931,0.807,0.248,0.621,1.552,1.738,0.869,0.248,0.31,0.497,12.997,12.366,13.84,15.156,14.723,15.156,0
Negative_178,1.075,0.829,0.246,0.829,0.246,1.658,1.29,0.891,0.399,0.645,1.536,0.706,0.215,0.43,2.088,1.658,0.829,0.369,0.276,0.676,13.597,13.74,13.58,14.45,13.605,14.137,0
Negative_179,1.351,1.126,0.675,0.338,0.563,0.788,0.9,1.238,0.675,0.563,1.126,0.113,0.225,0.113,1.013,2.476,1.351,0.45,0.225,1.013,14.289,13.669,14.616,13.946,14.15,13.008,0
Negative_180,2.23,0.892,0.251,0.864,0.111,1.282,0.139,1.143,0.53,0.781,1.059,0.362,0.251,0.307,2.119,3.708,2.509,0.084,0.056,1.087,13.608,13.381,12.6,13.302,13.578,13.766,0
Negative_181,1.276,1.026,0.388,0.61,0.333,1.026,0.86,1.054,0.499,0.444,1.082,1.137,0.305,0.499,1.221,2.053,0.943,0.139,0.194,0.915,13.916,14.237,14.333,13.58,13.428,14.501,0
Negative_182,0.675,1.283,0.135,0.878,0.101,1.283,0.439,1.283,0.203,0.236,1.722,0.777,0.203,0.203,1.351,1.418,0.743,0.135,0.135,0.946,14.919,13.448,14.078,14.021,14.311,15.075,0
Negative_183,0.969,1.372,0.404,1.009,0.081,0.525,0.565,1.251,0.363,0.484,1.695,0.323,0.161,0.404,1.251,1.493,0.444,0.081,0.081,1.009,14.628,14.055,14.488,14.027,14.977,13.86,0
Negative_184,0.913,0.548,0.548,0.365,0.365,4.019,1.461,2.01,0.731,0.0,1.461,1.279,0.548,0.183,1.279,2.192,0.548,0.0,0.0,0.365,13.774,12.24,13.548,13.369,14.188,14.065,0
Negative_185,1.135,1.362,0.341,0.227,0.227,0.568,0.795,1.135,0.681,0.227,1.93,0.341,0.114,0.795,1.249,0.908,0.681,0.227,0.341,0.681,14.18,13.838,14.522,13.223,14.976,15.297,0
Negative_186,2.311,1.235,0.263,0.394,0.158,0.735,0.657,1.812,0.341,0.236,1.392,0.499,0.184,0.289,3.362,1.471,0.945,0.21,0.105,0.525,13.177,13.7,13.486,14.539,14.539,13.434,0
Negative_187,2.59,0.893,0.089,0.268,0.536,0.536,0.893,2.412,0.625,0.625,3.484,0.089,0.536,0.179,0.804,2.144,0.893,0.268,0.089,1.608,12.392,13.625,13.028,14.085,13.204,14.104,0
Negative_188,1.477,0.608,0.347,0.261,0.434,0.956,0.869,1.217,0.261,0.956,2.346,1.477,0.695,0.347,0.956,1.825,0.695,0.261,0.087,1.043,13.899,14.25,13.788,12.847,14.242,13.857,0
Negative_189,1.635,1.551,0.254,0.479,0.113,0.705,0.507,1.071,0.31,0.113,1.748,0.141,0.141,0.338,0.959,0.62,0.367,0.367,0.226,0.677,14.871,15.53,13.62,14.132,14.859,14.668,0
Negative_190,0.967,0.931,0.501,0.573,0.86,1.218,0.645,0.86,0.573,0.573,0.824,0.931,0.43,0.645,0.931,1.469,0.537,0.107,0.537,0.788,13.767,14.311,13.447,14.892,14.43,14.252,0
Negative_191,1.402,0.682,0.341,0.417,0.455,0.493,0.644,1.591,0.303,0.72,2.311,0.303,0.341,1.061,0.568,1.705,0.947,0.568,0.417,1.25,13.332,14.703,14.084,13.274,13.72,14.365,0
Negative_192,2.537,0.962,0.262,0.481,0.437,1.006,0.962,1.487,0.35,0.219,1.925,0.175,0.131,0.35,2.318,1.443,0.569,0.219,0.131,0.962,13.575,13.075,14.582,13.786,13.761,14.294,0
Negative_193,1.195,0.857,0.358,0.528,0.355,1.116,1.123,0.778,0.571,0.466,2.515,0.568,0.305,0.446,1.051,1.225,0.643,0.305,0.296,0.903,13.973,14.651,13.614,13.762,14.363,14.035,0
Negative_194,1.533,1.124,0.204,0.409,0.511,1.226,0.817,0.715,0.511,0.204,3.576,0.102,0.409,0.102,1.43,1.737,0.715,0.102,0.306,1.022,13.17,13.514,13.112,14.385,14.377,14.687,0
Negative_195,1.187,1.413,0.565,0.396,1.074,1.074,0.622,0.905,0.509,0.283,1.413,0.791,0.113,0.283,0.905,0.622,0.509,0.17,0.113,0.905,13.31,14.598,14.979,14.211,14.508,14.543,0
Negative_196,2.239,1.111,0.308,0.547,0.496,1.094,0.547,1.555,0.547,0.325,1.299,0.615,0.12,0.291,2.82,1.47,0.735,0.085,0.376,0.615,13.283,13.705,14.014,14.031,13.894,13.877,0
Negative_197,2.244,1.073,0.39,0.341,0.341,0.293,0.585,1.317,0.195,0.39,3.318,0.049,0.195,0.39,1.366,1.366,0.585,0.488,0.488,0.683,13.669,13.75,14.104,13.83,14.49,14.056,0
Negative_198,1.653,1.369,0.142,0.614,0.708,1.039,0.472,1.747,0.897,0.189,0.944,0.378,0.142,0.567,1.464,1.181,0.708,0.0,0.142,0.897,14.491,14.109,13.903,13.392,15.07,13.781,0
Negative_199,0.599,0.932,0.233,0.466,0.999,1.299,0.999,1.099,1.099,0.699,0.932,1.266,0.1,0.633,0.866,1.365,0.666,0.0,0.433,0.167,14.118,15.336,13.301,15.314,14.868,12.209,0
Negative_200,1.096,0.658,0.438,0.658,0.219,1.315,0.986,0.438,0.329,0.329,1.753,0.548,0.438,0.986,1.534,1.753,0.329,0.548,0.219,0.767,13.4,15.364,13.224,12.633,14.643,15.395,0
Negative_201,0.762,0.65,0.65,0.605,0.493,0.874,0.807,0.919,0.538,1.031,1.949,0.896,0.448,0.583,0.695,1.456,1.076,0.067,0.583,1.12,13.495,15.018,13.479,13.617,14.37,13.819,0
Negative_202,2.18,1.183,0.156,0.436,0.903,1.028,0.187,1.962,0.934,0.093,1.432,0.592,0.062,0.623,1.464,0.965,0.498,0.093,0.218,0.436,13.74,14.659,13.199,14.527,15.161,13.268,0
Negative_203,0.544,0.98,0.435,0.054,1.198,1.198,1.034,0.98,1.143,0.544,0.816,1.579,0.218,0.599,0.49,1.361,0.871,0.0,0.435,0.272,14.707,14.965,12.155,16.654,15.231,11.536,0
Negative_204,2.087,1.237,0.039,0.193,2.241,0.618,0.0,0.618,1.584,0.155,1.121,0.077,0.502,0.193,2.241,1.159,1.121,0.425,0.077,1.546,15.407,13.399,14.339,11.374,14.054,14.192,0
Negative_205,0.774,1.342,0.114,0.592,0.569,0.933,0.569,1.547,0.751,0.273,0.91,0.91,0.091,0.455,1.82,1.024,0.592,0.091,0.182,0.523,15.375,14.328,13.618,14.813,14.602,13.203,0
Negative_206,0.45,0.675,0.764,0.585,0.629,1.709,0.405,0.809,0.27,1.169,0.854,1.034,0.315,0.719,0.809,0.495,0.675,0.315,0.675,0.899,14.147,15.808,13.641,13.698,14.831,13.62,0
Negative_207,0.449,1.099,0.499,0.549,0.05,0.949,0.3,1.149,0.2,1.149,1.398,0.899,0.25,0.499,0.499,0.999,0.549,0.1,0.599,0.799,13.964,14.821,14.827,13.049,15.165,15.191,0
Negative_208,1.273,1.053,0.219,0.731,0.19,1.082,0.614,1.185,0.424,0.468,1.726,0.395,0.205,0.468,1.404,1.492,1.053,0.175,0.263,1.287,14.053,13.009,14.187,14.156,14.321,14.564,0
Negative_209,0.905,0.711,0.323,0.259,0.646,0.582,0.323,1.357,0.84,0.776,2.133,0.517,0.452,1.163,0.517,1.228,0.776,0.646,0.517,1.163,14.686,13.989,13.791,12.382,14.211,15.106,0
Negative_210,2.48,1.566,0.065,0.783,0.326,1.109,0.783,1.631,0.065,0.196,1.697,0.13,0.065,0.065,1.697,0.979,0.391,0.13,0.065,0.979,13.311,14.709,14.831,12.74,13.622,15.583,0
Negative_211,1.542,0.738,0.402,0.537,0.604,1.006,0.872,1.542,0.402,0.872,1.744,0.402,0.268,0.469,0.738,1.274,1.207,0.335,0.402,1.006,13.558,13.468,13.95,14.024,14.605,14.032,0
Negative_212,1.734,1.194,0.193,0.462,0.231,0.539,0.462,1.503,0.385,0.347,1.772,0.308,0.154,0.347,1.156,0.732,0.693,0.347,0.27,0.886,14.772,13.366,14.264,14.305,15.643,13.935,0
Negative_213,1.277,1.022,0.596,0.511,0.341,0.681,0.511,1.702,0.511,0.341,0.851,1.362,0.511,0.341,1.447,1.617,1.277,0.0,0.511,0.596,15.572,15.012,14.443,14.147,13.411,11.411,0
Negative_214,1.497,1.31,0.0,1.123,0.749,1.497,2.994,0.561,0.936,0.187,0.561,0.561,0.561,0.374,0.561,1.123,0.561,0.374,0.0,0.749,12.748,14.816,13.847,12.618,14.604,15.085,0
Negative_215,1.453,1.062,0.363,0.559,0.14,1.258,1.09,1.174,0.307,0.419,1.509,0.894,0.196,0.252,2.152,2.263,1.09,0.056,0.14,0.419,13.519,14.124,13.561,14.611,13.267,14.124,0
Negative_216,0.919,0.551,0.367,0.184,1.286,1.102,0.0,1.837,0.919,0.0,0.551,1.837,0.367,0.735,1.102,0.551,0.735,0.184,0.551,0.367,14.713,15.753,13.921,11.919,16.616,12.931,0
Negative_217,0.416,0.694,1.388,0.139,2.082,0.278,0.971,1.665,0.139,0.416,1.249,0.139,0.139,1.11,0.971,3.47,1.804,0.0,1.804,0.139,13.243,14.773,13.252,14.345,12.986,12.387,0
Negative_218,0.732,0.963,0.678,0.714,0.25,1.249,0.785,0.839,0.517,0.535,1.552,1.035,0.357,0.5,0.856,2.391,1.124,0.018,0.214,0.749,13.456,14.404,14.299,14.171,14.115,13.497,0
Negative_219,0.856,0.934,0.467,0.622,0.856,0.661,0.545,1.05,0.35,0.895,2.1,0.934,0.311,0.545,0.739,1.128,0.934,0.311,0.583,1.089,12.957,14.413,13.785,14.007,13.808,15.121,0
Negative_220,1.375,0.504,0.642,0.825,0.275,1.925,1.146,0.596,0.55,0.733,1.971,0.871,0.458,0.458,1.879,1.833,0.825,0.137,0.092,0.504,14.721,12.6,14.43,12.829,14.219,13.603,0
Negative_221,1.002,0.971,0.486,0.82,0.364,1.214,1.002,1.123,0.334,0.425,1.7,0.516,0.273,0.486,1.882,1.943,0.971,0.182,0.182,0.941,13.439,14.112,13.926,13.38,13.758,14.566,0
Negative_222,1.725,0.731,0.9,0.6,0.15,0.731,2.081,1.537,0.637,0.262,1.687,0.675,0.544,0.45,2.118,2.343,0.806,0.075,0.262,0.731,12.867,13.619,13.8,13.362,13.476,13.829,0
Negative_223,1.471,0.856,0.428,0.689,0.651,0.67,0.67,1.08,0.409,0.614,1.731,0.633,0.279,0.596,0.67,1.526,0.8,0.205,0.372,1.042,13.785,13.408,14.101,14.517,13.986,14.809,0
Negative_224,1.631,0.619,0.337,0.45,0.731,0.562,0.787,1.687,0.169,0.787,2.137,0.337,0.169,0.787,2.025,1.519,0.9,0.112,1.012,1.575,12.836,13.047,13.743,13.844,14.275,13.918,0
Negative_225,1.504,0.957,0.273,0.684,0.137,1.368,1.094,1.094,0.41,0.137,1.504,0.41,0.273,0.41,1.368,0.821,0.137,0.547,0.273,0.41,12.383,13.592,14.193,14.594,14.863,16.562,0
Negative_226,1.413,0.987,0.135,0.493,0.247,1.166,1.031,1.525,0.359,0.202,1.547,0.785,0.314,0.336,2.511,1.39,0.74,0.202,0.179,1.054,13.873,13.864,14.172,13.715,13.665,14.097,0
Negative_227,0.605,0.908,0.484,0.545,0.242,0.908,0.666,1.029,0.484,0.908,1.756,0.484,0.303,0.969,0.666,2.119,0.726,0.545,0.363,0.847,14.384,13.466,14.765,13.816,14.905,13.108,0
Negative_228,0.814,0.986,0.923,0.83,0.423,1.315,0.61,0.845,0.204,0.579,1.283,1.393,0.219,0.517,1.064,2.144,0.876,0.016,0.172,0.798,13.025,14.498,14.13,14.21,14.474,13.65,0
Negative_229,1.61,1.043,0.249,0.93,0.249,1.248,0.272,1.951,0.295,0.34,0.885,1.066,0.181,0.204,1.497,1.474,0.726,0.068,0.136,0.794,13.416,14.276,13.933,14.245,14.169,14.74,0
Negative_230,1.859,1.579,0.035,0.561,0.281,1.088,0.982,1.017,0.07,0.246,1.614,0.316,0.211,0.281,1.438,0.982,0.526,0.105,0.07,0.561,13.754,14.631,14.071,13.871,15.219,14.631,0
Negative_231,0.222,1.11,0.0,0.0,5.33,0.222,2.443,3.553,0.888,0.0,0.444,1.333,0.222,0.0,4.22,5.552,0.444,0.0,0.0,0.222,10.888,11.465,14.583,9.185,14.334,13.339,0
Negative_232,1.973,1.427,0.21,0.42,0.168,0.924,0.294,1.385,0.588,0.168,1.637,0.21,0.21,0.21,0.756,1.133,0.588,0.294,0.168,0.462,13.502,14.467,14.784,14.599,15.446,13.978,0
Negative_233,1.562,1.171,0.26,0.651,0.26,1.171,0.456,1.171,0.325,0.456,1.627,0.325,0.391,0.391,0.976,0.846,0.651,0.065,0.065,0.911,14.137,14.748,12.812,15.036,14.727,14.809,0
Negative_234,0.0,0.984,0.0,0.246,5.66,0.0,2.215,4.921,1.722,0.0,0.246,1.476,0.246,0.0,3.937,6.398,0.492,0.0,0.0,0.492,11.687,11.672,11.76,10.859,12.137,12.848,0
Negative_235,0.576,1.355,0.305,0.237,0.813,1.321,0.474,0.915,1.016,0.474,0.948,0.881,0.102,0.508,0.44,1.558,0.644,0.068,0.542,0.44,14.162,15.871,13.379,15.551,15.783,11.636,0
Negative_236,1.587,0.651,0.326,0.834,0.142,1.221,1.403,1.139,0.366,0.508,2.298,1.037,0.346,0.326,2.441,2.278,0.997,0.041,0.163,0.834,13.787,13.493,13.218,13.465,13.559,13.54,0
